Date,碎銅價,美中匯率,金價,銀價,鋁價,鋅價,鎳價,原油價,LME庫存,LME銅現貨,中國10年期公債殖利率,美國10年期公債殖利率,美國工業指數,李克強指數,CRB金屬指數
2015/1/7,36990,6.21,1221.27,16.58,1786.65,2122.85,15163.7,48.2,184820,6113.05,3.661,1.95,54.919998,3.735,1533.51
2015/1/14,34850,6.21,1268.48,17.44,1809.07,2067.8,14502.9,48.47,203990,5699.8,3.563,1.831,54.630001,3.735,1478.28
2015/1/21,34090,6.23,1292.5,18.13,1856.3,2115.85,14695.8,45.33,231010,5625.6,3.472,1.789,55.57,3.735,1490.46
2015/1/28,32650,6.25,1271.61,17.32,1846.2,2116.6,15095.5,47.77,248105,5547.5,3.514,1.639,54.84,3.735,1473.35
2015/2/4,33290,6.25,1247.88,17.04,1852.8,2134.2,15047.05,52.2,279365,5687.7,3.441,1.958,55.849998,3.87,1524.2
2015/2/11,33350,6.24,1221.92,16.95,1810.88,2122.05,14529.6,52.53,293415,5708.05,3.403,2.047,56.380001,3.87,1551.3
2015/2/18,33766.5,6.25,1204.35,16.32,1787.3,2051.35,14075.9,50.97,298020,5743.65,3.358,2.115,57.57,3.87,1608.94
2015/2/25,34183.3,6.26,1207.43,16.46,1788.4,2038.45,14018.5,49.41,296210,5882.35,3.375,1.996,58.02,3.87,1609.51
2015/3/4,34490,6.26,1178.71,15.94,1770.7,2006.2,14153.6,49.81,320810,5833.3,3.484,2.247,57.200001,2.94,1570.95
2015/3/11,34510,6.26,1153.72,15.58,1760.3,1993.1,13838.6,44.98,334905,5834.55,3.471,2.118,55.880001,2.94,1481.37
2015/3/18,34650,6.21,1180.45,16.52,1779.75,2039.05,13915.9,44.3,341640,5994.35,3.546,1.932,57.450001,2.94,1469.37
2015/3/25,35630,6.21,1193.25,16.85,1780.2,2078.6,13134.5,48.34,337260,6118.9,3.562,1.96,55.490002,2.94,1507.14
2015/4/1,35650,6.2,1206.07,16.85,1780.3,2125.3,12721,49.52,333215,6048.7,3.577,1.842,55.400002,2.934,1467.69
2015/4/8,35825,6.21,1199.04,16.31,1774.35,2181.75,12498.3,51.79,332495,6011,3.721,1.949,55.91,2.93,1489.67
2015/4/15,35890,6.2,1200.47,16.17,1832.25,2198.35,12664.1,56.12,338130,6005.2,3.582,1.865,56.599998,2.93,1504.42
2015/4/22,36030,6.2,1194.62,16.07,1837.45,2261.15,13073.7,57.45,337670,6015.6,3.456,1.914,56.619999,2.93,1534.02
2015/4/29,36375,6.2,1189.47,16.34,1923.45,2376.85,13851.15,59.24,339495,6373.37,3.422,2.112,56.119999,2.886,1609.41
2015/5/6,37430,6.21,1187.98,16.42,1864.45,2361.35,14169.7,59.45,339560,6399.75,3.451,2.142,55.630001,2.71,1625.55
2015/5/13,37310,6.2,1218.4,17.36,1806.4,2290.1,13690.8,59.84,337885,6362,3.414,2.148,56.59,2.71,1635.03
2015/5/20,36990,6.2,1203.02,17.03,1728.65,2175.05,12792.05,59.97,331007.5,6170.45,3.452,2.215,56.849998,2.71,1578.94
2015/5/27,36630,6.2,1189.4,16.72,1712.6,2178.05,12821.8,60.3,322635,6043.95,3.591,2.123,56.639999,2.71,1532.81
2015/6/3,36170,6.2,1176.5,16.12,1710.85,2137.55,13179.9,58.92,314995,5945.75,3.612,2.409,56.450001,2.63,1523.88
2015/6/10,35870,6.21,1182.94,16.02,1696,2102.7,13104.8,59.97,314505,5857.85,3.643,2.39,55.990002,2.63,1511.03
2015/6/17,35130,6.21,1190.02,16.07,1666.8,2041.65,12650.3,59.28,316890,5700.8,3.597,2.261,55.709999,2.63,1490.46
2015/6/24,34950,6.21,1174.99,15.8,1667.6,2019.75,12300.4,59.58,312560,5752.15,3.63,2.474,55.400002,2.63,1489.59
2015/7/1,35030,6.2,1165.43,15.54,1664.45,2000.15,11671,56.5,323635,5638.55,3.644,2.386,54.330002,2.912,1412.69
2015/7/8,33470,6.21,1158.36,15.39,1656.7,2016.95,11376.55,52.81,331535,5564.6,3.473,2.401,53.48,3.1,1332.13
2015/7/15,33270,6.21,1125.2,14.89,1652.75,2052.9,11554.5,50.8,338860,5479.6,3.546,2.347,54.689999,3.1,1343.14
2015/7/22,32250,6.21,1094.34,14.65,1605.15,1964.6,11263.5,47.97,341990,5260.1,3.501,2.262,54.099998,3.1,1278.4
2015/7/29,31730,6.21,1090.45,14.67,1594.35,1930.9,10929.9,46.77,346135,5246.55,3.474,2.187,54.32,3.1,1243.8
2015/8/5,31170,6.23,1095.94,14.91,1563,1852,10839.3,43.79,352765,5183.15,3.49,2.166,54.23,2.06,1243.84
2015/8/12,31510,6.39,1117.73,15.27,1543,1809.8,10493.7,42.16,350930,5130.15,3.541,2.201,54.080002,2.06,1232.86
2015/8/19,31450,6.4,1148.29,15.13,1526.9,1757.6,9995.4,40.35,354680,5050.35,3.538,2.045,54.040001,2.06,1168.93
2015/8/26,31470,6.39,1131.45,14.47,1561.65,1770.88,9842.4,45.4,369560,5096.73,3.416,2.184,50.509998,2.06,1101.95
2015/9/2,31750,6.35,1123.89,14.64,1593,1793.4,9888,45.7,355575,5212.1,3.333,2.131,51.040001,1.972,1121.07
2015/9/9,32490,6.37,1107.52,14.53,1608.85,1775.45,10142.7,44.78,342310,5375.95,3.373,2.187,51.200001,1.95,1139.15
2015/9/16,32890,6.37,1129.03,15.02,1606.75,1672.3,9836,44.77,333810,5287.15,3.351,2.134,52.52,1.95,1149.62
2015/9/23,31750,6.38,1137.58,14.84,1555.65,1632.75,9839.6,45.44,324785,5028.85,3.347,2.166,50.02,1.95,1069.51
2015/9/30,30950,6.36,1129.42,15.14,1551.65,1656.6,10039.8,45.66,318690,5156.15,3.276,1.991,49.889999,1.838,1012.06
2015/10/7,31800,6.34,1154.06,15.85,1570.85,1749.7,10357.1,49.53,304520,5254.25,3.263,2.09,52.470001,1.67,1140.62
2015/10/14,32130,6.35,1177.85,15.99,1541.4,1775.6,10448.05,47.27,293285,5271.75,3.115,2.035,52.25,1.67,1174.32
2015/10/21,31810,6.35,1165.02,15.79,1454.4,1720,10423.2,44.72,278790,5207.4,3.08,2.087,52.98,1.67,1138.32
2015/10/28,31510,6.34,1138.74,15.53,1454.45,1684.9,10195.2,46.42,269080,5152.85,3.087,2.146,54.369999,1.67,1113.12
2015/11/4,31250,6.35,1096.53,14.76,1495.3,1627.25,9645.2,44.55,263700,5014.45,3.152,2.325,54.790001,1.72,1095.43
2015/11/11,30470,6.37,1081.51,14.24,1475.3,1579.95,9346.2,40.75,259350,4802.75,3.195,2.275,54.5,1.72,1023.15
2015/11/18,28530,6.38,1074.99,14.17,1441.4,1531.75,8709.3,40.53,252890,4605.45,3.168,2.264,54.849998,1.72,1005.98
2015/11/25,27750,6.39,1066.95,14.15,1458.65,1556.85,8918,41.76,244695,4609.3,3.088,2.222,55,1.72,998.25
2015/12/2,28150,6.41,1069.37,14.2,1479.65,1517.65,8816.2,40.15,237510,4577.8,3.067,2.273,54.439999,3.056,974.51
2015/12/9,28350,6.45,1067.73,13.92,1487.8,1516.05,8599.7,35.36,232430,4617.9,3.029,2.132,53.259998,3.39,919.28
2015/12/16,28830,6.48,1067.86,14.08,1503.4,1497.4,8692.4,34.49,231920,4644,3.01,2.204,53.75,3.39,892.71
2015/12/23,29350,6.48,1072.06,14.17,1533.15,1556.25,8648.9,38.11,235645,4710.2,2.832,2.245,53.48,3.39,940.45
2015/12/30,29600,6.5,1067.08,13.87,1485.53,1577.3,8602.8,37.11,236047.5,4670.6,2.862,2.269,53.400002,3.378,940.1
2016/1/6,29530,6.58,1097.28,13.96,1466.05,1488.05,8400.6,32.91,237170,4469.25,2.883,2.116,51.630001,3.33,872.38
2016/1/13,28590,6.58,1087.17,13.96,1480.9,1489.65,8475.7,29.71,234555,4385.5,2.788,2.037,48.939999,3.33,789.97
2016/1/20,28450,6.58,1105.32,14.17,1480.3,1518.5,8611.35,32.25,237395,4440.4,2.817,2.057,48.009998,3.33,767.16
2016/1/27,28625,6.58,1122.9,14.31,1518.05,1630.25,8507.45,33.75,240475,4566.3,2.909,1.923,48.400002,3.33,792.51
2016/2/3,28750,6.57,1169.64,14.99,1507.4,1700.7,8268.55,30.99,230395,4618.15,2.892,1.843,49.66,3.27,818.46
2016/2/10,28707,6.54,1217.81,15.45,1501.3,1694.55,7953.9,29.12,220975,4508.9,2.886,1.746,49.66,3.27,805.16
2016/2/17,28690,6.52,1219.67,15.28,1551.85,1723.15,8521.1,29.87,207510,4626.75,2.871,1.743,51.450001,3.27,862.5
2016/2/24,28890,6.54,1230.75,14.95,1582.5,1752.9,8484.7,32.79,197605,4680.9,2.919,1.764,51.700001,3.27,885.83
2016/3/2,29150,6.53,1258.13,15.31,1596.35,1811.45,8980.35,36.31,187050,4916.95,2.933,1.876,53.18,4.526,961.45
2016/3/9,29930,6.5,1248.22,15.38,1543,1772.45,8694.6,38.48,176155,4954,2.909,1.98,53.349998,4.84,1021.24
2016/3/16,30390,6.49,1253.06,15.79,1492.05,1829.55,8704.1,40.53,158695,5059.3,2.886,1.877,54.25,4.84,1035.04
2016/3/23,30810,6.51,1223.12,15.23,1470.2,1791.7,8560.22,39.52,150335,4958.35,2.897,1.9,55.279999,4.84,1036.07
2016/3/30,30270,6.47,1224.92,15.13,1506.85,1821.75,8375.65,36.7,143700,4843.05,2.889,1.774,55.599998,4.89,1032.35
2016/4/6,29600,6.47,1242.76,15.53,1500.05,1770.3,8552.95,39.67,145110,4720.15,2.935,1.717,55.029999,5.09,1010.83
2016/4/13,29670,6.47,1236.94,16.33,1561.55,1878.52,9027.4,40.41,146585,4865.9,2.947,1.754,55.869999,5.09,1115.67
2016/4/20,30210,6.48,1240.83,16.99,1634.85,1898,9134.95,43.72,149030,5006.35,2.962,1.891,56.41,5.09,1195.32
2016/4/27,30210,6.48,1276.22,17.49,1646.8,1903.55,9351.73,46,151837.5,4971.62,2.946,1.835,57.040001,5.09,1191
2016/5/4,29725,6.51,1274.8,17.24,1573.55,1858.25,8927.1,44.61,158550,4779.4,2.93,1.779,55.299999,4.36,1138.71
2016/5/11,28850,6.51,1272.89,17.14,1531.2,1884.45,8693.25,46.35,158815,4657.9,2.928,1.702,55.869999,4.36,1055.94
2016/5/18,28710,6.55,1247.99,16.48,1539.9,1849.5,8440.2,47.47,156685,4601,2.991,1.844,55.27,4.36,1054.08
2016/5/25,28810,6.56,1215.29,16.15,1543.58,1888.38,8361.85,49.55,153887.5,4695.92,2.972,1.851,55.880001,4.36,1057.11
2016/6/1,28730,6.57,1230.92,16.22,1543.1,1991.8,8495.45,48.85,166435,4639.4,3.035,1.702,55.970001,4.45,1055.12
2016/6/8,28950,6.57,1274.73,17.27,1588.3,2054.95,8873.65,48.92,208420,4520,3.02,1.644,57.150002,4.51,1104.58
2016/6/15,28670,6.59,1284.88,17.37,1612.78,1999.6,9044.2,48.22,196660,4597.85,2.966,1.611,55.889999,4.51,1044.99
2016/6/22,28970,6.61,1294.71,17.54,1613.3,2031.35,9112.35,47.61,192420,4733.35,2.95,1.562,56.040001,4.51,1087.6
2016/6/29,29750,6.65,1337.38,19.39,1641.95,2111.6,9706.3,49.26,192435,4849.45,2.851,1.456,54.959999,4.512,1058.24
2016/7/6,29950,6.69,1355.32,20.07,1645.3,2131.1,9987.55,45.16,224770,4736.25,2.825,1.358,55.959999,4.52,1090.46
2016/7/13,30450,6.69,1334.92,20.14,1652.05,2201.9,10379.85,46.26,230995,4926.1,2.857,1.558,58.259998,4.52,1179.98
2016/7/20,30450,6.68,1320.7,19.57,1593.3,2239.6,10479.2,44.27,222840,4927.05,2.803,1.566,58.779999,4.52,1172.17
2016/7/27,30030,6.65,1348.24,20.35,1611.5,2230.5,10585.5,41.38,210465,4877.65,2.805,1.45,58.23,4.52,1185.54
2016/8/3,30010,6.65,1345.92,19.98,1626.85,2266.45,10679.15,41.98,206735,4804.5,2.782,1.59,57.709999,6.47,1199.76
2016/8/10,29910,6.63,1340.84,19.87,1653.75,2259.6,10488.4,44.73,204730,4793,2.705,1.51,58.34,6.47,1227.94
2016/8/17,29725,6.64,1343.75,19.26,1664.2,2287.2,10241.05,48.48,221360,4752.75,2.72,1.58,58.860001,6.47,1231.34
2016/8/24,29490,6.67,1319.78,18.62,1624.83,2307.12,9806.2,47.3,270155,4605.95,2.764,1.628,58.84,6.47,1215.2
2016/8/31,29390,6.68,1325.12,19.28,1580.9,2341.45,9927.65,44.24,316060,4611.3,2.799,1.607,58.59,7.122,1192.45
2016/9/7,29690,6.67,1330.88,19.26,1560.4,2274.45,10124.2,45.72,347200,4619.8,2.809,1.675,58.830002,8.1,1212.5
2016/9/14,29716.66,6.67,1314.73,19,1564.65,2240.6,9897.5,43.14,349460,4762.6,2.797,1.694,56.950001,8.1,1151.09
2016/9/21,30430,6.67,1334.72,19.57,1623.05,2281,10520.4,44.61,357265,4799.15,2.781,1.62,57.650002,8.1,1185.69
2016/9/28,30590,6.67,1307.3,18.79,1661.9,2368.3,10379.95,48.05,372155,4812.05,2.769,1.598,58.32,8.1,1223.31
2016/10/5,30595,6.68,1258.03,17.5,1674.1,2301.35,10247.55,49.62,356020,4778.95,2.765,1.723,58.310001,9.3,1229.41
2016/10/12,30710,6.73,1255.81,17.47,1665.75,2251.1,10394.6,50.33,347375,4690.25,2.735,1.805,57.130001,9.3,1211.41
2016/10/19,30290,6.76,1267.03,17.59,1626.6,2293.75,10105.3,50.95,344945,4647.55,2.66,1.736,57.380001,9.3,1222.07
2016/10/26,30690,6.77,1274.93,17.83,1710.95,2396.7,10350.85,48.66,326875,4818.9,2.725,1.849,57.150002,9.3,1253.38
2016/11/2,31250,6.76,1291.73,18.34,1722.55,2447.85,10688.5,44.14,304925,5025.85,2.744,1.778,56.509998,9.9,1252.53
2016/11/9,33610,6.82,1242.53,17.67,1750.85,2526.85,11331.4,43.16,271320,5521.95,2.829,2.138,59.669998,10.05,1333.52
2016/11/16,35270,6.88,1215.17,16.67,1722.2,2539.1,11192.7,45.5,251305,5492.45,2.921,2.348,61.189999,10.05,1368.92
2016/11/23,36630,6.9,1187.38,16.46,1754.6,2749.15,11442.05,45.96,236440,5799.65,2.876,2.359,62.369999,10.05,1430.61
2016/11/30,36390,6.88,1172.2,16.61,1722.95,2716.35,11382.5,51.67,233610,5836,3.026,2.392,62.41,9.694,1436.56
2016/12/7,36510,6.89,1164.52,16.97,1736.1,2697.1,11285.95,51.48,232020,5762.2,3.097,2.466,64.050003,9.16,1503.76
2016/12/14,36110,6.94,1135.13,16.16,1733.9,2701.45,11086,52.03,314000,5608.8,3.33,2.599,63.02,9.16,1471.72
2016/12/21,34730,6.95,1132.94,15.81,1731.6,2581.3,10438.45,53.24,335115,5489.6,3.215,2.543,63.049999,9.16,1405.7
2016/12/28,34490,6.95,1152.5,16.03,1702.35,2533.3,9966.55,53.89,322105,5503.2,3.066,2.446,62.459999,9.16,1392.65
2017/1/4,35100,6.92,1176.8,16.55,1723.9,2630.35,10299.3,53.69,298215,5612.95,3.228,2.421,62.959999,10.535,1414.32
2017/1/11,36010,6.9,1200.47,16.85,1792.85,2719.8,10214.85,52.53,282400,5792.4,3.218,2.398,63.240002,10.535,1478.99
2017/1/18,36390,6.86,1208.92,17.08,1850.25,2770.65,9808.2,52.48,274470,5776.7,3.281,2.467,62.970001,10.535,1512.72
2017/1/25,36650,6.88,1197.03,17.09,1816.6,2780.7,9586.9,53.17,265450,5889.8,3.363,2.486,64.389999,10.535,1568.33
2017/2/1,36750,6.87,1222.82,17.57,1816.8,2818.7,10280.3,53.84,256935,5837.1,3.398,2.467,63.27,11.36,1565.55
2017/2/8,36770,6.87,1231.24,17.8,1854.85,2888.75,10537.05,53.84,249125,5975.4,3.429,2.409,63.73,11.91,1559.85
2017/2/15,38490,6.87,1235.91,18,1883.15,2856.65,10954.35,53.38,229415,6015.95,3.413,2.42,65.760002,11.91,1622.59
2017/2/22,38010,6.87,1248.85,18.21,1888.2,2818.1,10801.5,54,210845,5935.2,3.365,2.315,66.040001,11.91,1592.4
2017/3/1,37910,6.89,1231.78,17.87,1892.1,2761.95,10852.85,53.2,218875,5885.05,3.422,2.482,66.970001,11.628,1546.97
2017/3/8,37270,6.91,1202.83,16.99,1860.25,2702.45,10071.6,48.38,320915,5742.15,3.436,2.575,65.739998,11.44,1487.27
2017/3/15,37790,6.9,1230.16,17.38,1897,2823.25,10141.85,48.68,335995,5850.45,3.331,2.501,65.919998,11.44,1513.23
2017/3/22,37650,6.88,1248.25,17.8,1923.95,2797.7,9872.35,48.13,314840,5788.05,3.306,2.418,64.790001,11.44,1510.78
2017/3/29,30770,6.88,1250.69,18.21,1946.6,2766.25,9942.75,50.79,291355,5823.9,3.31,2.389,64.970001,11.44,1483.63
2017/4/5,37975,6.9,1257.81,18.13,1930.3,2650.45,10054.45,52.33,267175,5788.9,3.303,2.382,64.879997,11.03,1486.96
2017/4/12,37270,6.88,1286.79,18.42,1885,2563.6,9516.2,52.93,256815,5599.85,3.359,2.232,64.480003,11.03,1458.94
2017/4/19,36830,6.88,1276.85,17.9,1927.3,2579.7,9298.65,49.63,266285,5603.15,3.454,2.246,64.57,11.03,1422.84
2017/4/26,36850,6.89,1262.63,17.1,1921.58,2621.6,9353.6,49.2,258430,5715.85,3.477,2.289,66.669998,11.03,1445.23
2017/5/3,36416.66,6.9,1227.93,16.27,1891.15,2582.8,9107,46.47,330360,5519.15,3.574,2.35,66.510002,10.58,1405.89
2017/5/10,35950,6.89,1227.43,16.47,1887.5,2562.85,9177.4,47.86,330590,5544.65,3.669,2.326,66.690002,10.58,1379.72
2017/5/17,36100,6.88,1254.43,16.89,1932.1,2587.25,9256.1,50.49,335755,5640.75,3.637,2.235,65.209999,10.58,1391.25
2017/5/24,36650,6.86,1261.86,17.29,1941.6,2623.1,9045.2,49.84,319605,5655.07,3.684,2.25,66.889999,10.58,1414.6
2017/5/31,36250,6.8,1277.13,17.46,1915.46,2513.95,8854.4,47.77,305380,5631.3,3.65,2.159,67.519997,10.792,1390.86
2017/6/7,36350,6.8,1272.58,17.17,1892.15,2464.7,8782.2,45.94,282575,5700.7,3.668,2.202,67.43,11.11,1391.01
2017/6/14,36700,6.81,1250.69,16.62,1868.15,2513.45,8855.35,44.7,267365,5655.4,3.556,2.153,68.370003,11.11,1374.68
2017/6/21,36750,6.83,1248.63,16.57,1861.6,2699.4,9027.4,43.12,255985,5766.15,3.57,2.144,67.900002,11.11,1337.38
2017/6/28,37330,6.79,1235.69,16.42,1911.4,2767.95,9262.2,46.34,259110,5899.75,3.578,2.304,68.129997,11.11,1387.47
2017/7/5,37410,6.8,1218.97,15.82,1907.4,2790.2,9017.35,44.33,317100,5817.05,3.597,2.386,68.730003,11.8,1440.34
2017/7/12,37410,6.77,1228.22,15.97,1897.5,2802.7,9428.6,46.64,313295,5916.55,3.585,2.332,69.18,11.8,1484.37
2017/7/19,37870,6.76,1248.86,16.39,1895.65,2763.8,9639.3,45.59,306930,6003.55,3.593,2.237,69.300003,11.8,1531.33
2017/7/26,39130,6.73,1265.1,16.68,1900.35,2784.05,10129.4,49.77,299690,6308.2,3.622,2.291,68.629997,11.8,1560.64
2017/8/2,39730,6.72,1262.1,16.42,1929.8,2827.5,10360.2,49.52,297880,6366.3,3.638,2.264,68.410004,10.856,1583.39
2017/8/9,39750,6.67,1280.91,16.94,2034.05,2915.1,10595.3,48.8,284990,6383,3.64,2.191,68.690002,10.62,1595.38
2017/8/16,39810,6.67,1285.96,17,2086.1,3101.2,10986.5,48.63,268710,6500.7,3.641,2.197,68.610001,10.62,1565.08
2017/8/23,40790,6.63,1297.19,17.16,2086.85,3087.82,11581,47.83,241070,6666.25,3.685,2.169,67.389999,10.62,1609.81
2017/8/30,41650,6.56,1325.32,17.68,2090.7,3151.4,11889.25,47.33,222685,6812.05,3.682,2.166,68.230003,10.426,1651.03
2017/9/6,42030,6.51,1337.46,17.89,2085.9,3076.45,11861.85,47.49,213165,6755.6,3.625,2.054,67.900002,9.65,1664.6
2017/9/13,40470,6.56,1317.78,17.51,2071.85,3065.35,11127.4,49.8,286100,6478.2,3.609,2.202,69.089996,9.65,1634.95
2017/9/20,40010,6.6,1298.56,17,2131.65,3134.8,10693.7,50.27,308910,6419,3.64,2.253,70.360001,9.65,1613.27
2017/9/27,40130,6.65,1278.3,16.67,2098.2,3225.85,10353.5,51.34,299035,6442.15,3.632,2.339,70.830002,9.65,1576.21
2017/10/4,40832.95,6.63,1277.82,16.79,2142.1,3333.7,10679,49.03,293785,6613.5,3.638,2.361,71.779999,8.44,1624.46
2017/10/11,41850,6.59,1293.76,17.18,2112.3,3253.55,11503.5,51.31,286595,6918.85,3.682,2.275,71.809998,8.44,1630.19
2017/10/18,43210,6.63,1281.61,17.02,2128,3186.5,11733.5,51.84,287220,6957.9,3.734,2.383,71.980003,8.44,1665
2017/10/25,43350,6.64,1272.6,16.8,2156.65,3273.2,11794,54,275170,6880.2,3.824,2.416,72.190002,8.44,1656.38
2017/11/1,42510,6.62,1275.29,17.04,2150.47,3267.7,12695.4,55.59,270805,6878.2,3.9,2.333,71.489998,7.852,1655.29
2017/11/8,42410,6.63,1280.09,16.99,2080.12,3231.65,12220.8,56.81,260075,6787.6,3.918,2.402,71.860001,7.46,1676.37
2017/11/15,42090,6.63,1281.49,17.04,2078.1,3199.5,11512.2,56.61,246095,6771.45,3.947,2.345,70.230003,7.46,1614.63
2017/11/22,42390,6.6,1291.72,17.02,2102.3,3236.4,11687.1,58.68,211965,6906.4,3.983,2.34,71.410004,7.46,1643.45
2017/11/29,42050,6.61,1276.08,16.35,2046.7,3188.2,11172.2,58.17,187750,6717.6,3.913,2.363,73.260002,7.194,1645.75
2017/12/6,41350,6.62,1248.6,15.78,1996.2,3114.75,10962.3,57.25,194175,6569.05,3.915,2.378,73.690002,6.13,1649.75
2017/12/13,41410,6.61,1257.21,16.05,2041.9,3185.25,11427.2,57.31,195360,6817.55,3.925,2.351,74.910004,6.13,1686.8
2017/12/20,42530,6.56,1272.67,16.3,2168.65,3249.65,12036.1,58.44,201620,7082.6,3.916,2.485,75.32,6.13,1758.03
2017/12/27,43290,6.52,1300.94,16.89,2255.65,3331.6,12448.8,60.23,201702.5,7201.53,3.915,2.405,75.660004,6.13,1810.92
2018/1/3,43210,6.5,1317.33,17.1,2185.8,3373.3,12515.9,61.55,202350,7092.95,3.935,2.476,76.529999,8.99,1889.38
2018/1/10,43070,6.47,1330.78,17.12,2186.3,3425.1,12685.9,64.38,203405,7101.35,3.967,2.55,78.43,8.99,1967.37
2018/1/17,42670,6.41,1331.91,16.98,2224.95,3424.05,12596.85,63.56,216330,6986.6,4.06,2.661,79.889999,8.99,1984.42
2018/1/24,42210,6.33,1346.77,17.28,2231.55,3526.65,13582.6,66.31,300200,7060.95,3.952,2.66,79.660004,8.99,1979.78
2018/1/31,42030,6.29,1337.76,16.87,2207.35,3571.05,13595,65.12,303280,7064.2,3.925,2.841,79.730003,10.134,1954.58
2018/2/7,41390,6.31,1320.96,16.42,2141.95,3441.65,13127.8,59.09,322835,6816.9,3.902,2.857,75.949997,11.85,1839.66
2018/2/14,41450,6.34,1345.09,16.67,2207.15,3586,13827.1,61.65,335210,7115.8,3.9,2.873,76.120003,11.85,1905.84
2018/2/21,42015,6.33,1327.22,16.52,2183.8,3556.6,13796.8,63.65,333260,7066.05,3.895,2.866,76.529999,11.85,1933.75
2018/2/28,41430,6.34,1322.27,16.48,2140.8,3370.65,13512.6,61.52,325105,6896.9,3.866,2.868,76.650002,11.026,1904.23
2018/3/7,41010,6.33,1323.84,16.51,2082.25,3257.5,13602.4,62.18,316995,6887.65,3.85,2.896,76.360001,9.79,1844.27
2018/3/14,41190,6.32,1316.5,16.33,2062.95,3237.25,13552.3,62.26,320470,6849.7,3.858,2.845,76.260002,9.79,1844.67
2018/3/21,40590,6.3,1341.12,16.53,2036.6,3243.55,13063.1,65.75,339175,6638.65,3.762,2.813,76.339996,9.79,1796.92
2018/3/28,39830,6.29,1329.7,16.38,1980.35,3290,13284.8,64.86,384075,6703.3,3.778,2.741,73.220001,9.79,1760.43
2018/4/4,40450,6.3,1333.64,16.41,2067.7,3235.4,13326.7,61.89,372675,6779.9,3.745,2.775,74.089996,8.52,1759.55
2018/4/11,40630,6.28,1345.15,16.61,2349.2,3137,13973.9,67.31,359295,6840.05,3.74,2.825,73.120003,8.52,1793.4
2018/4/18,40830,6.29,1336.96,16.96,2408.9,3218.2,14630.1,68.09,353670,6948.25,3.54,2.96,76.139999,8.52,1864.07
2018/4/25,41430,6.33,1316.46,16.38,2252.9,3112.1,13857.35,67.98,337285,6826.85,3.662,2.959,73.610001,8.52,1831.76
2018/5/2,40883.33,6.36,1312.01,16.43,2344.57,3031.75,13872.1,69.78,312325,6764.58,3.657,2.951,71.260002,10.736,1805.72
2018/5/9,40970,6.35,1311.19,16.5,2325.65,3055.85,14092.5,70.52,288100,6838.5,3.71,2.97,74.050003,11.29,1841.93
2018/5/16,41130,6.37,1291.59,16.43,2288.6,3080.45,14590,71.39,299115,6854.35,3.722,3.06,74.599998,11.29,1912.6
2018/5/23,41460,6.4,1299.19,16.47,2264.38,3053.47,14757.25,67.42,296085,6853.08,3.685,2.931,75.459999,11.29,1870.89
2018/5/30,41310,6.41,1296.07,16.42,2298.25,3137.35,15343.1,65.71,307500,6925.3,3.648,2.902,75.529999,11.18,1819.25
2018/6/6,42290,6.4,1297.44,16.77,2309.5,3221.05,15347.65,65.55,303850,7266.15,3.688,2.948,75.870003,10.74,1890.63
2018/6/13,42630,6.43,1286.61,16.69,2228.3,3147.35,15064.9,64.35,294105,7049.2,3.647,2.922,75.900002,10.74,1868.77
2018/6/20,41100,6.52,1265.68,16.3,2170.35,2956.95,14865.8,69.35,306250,6761.6,3.603,2.895,73.279999,10.74,1763.6
2018/6/27,40875,6.63,1249.41,15.98,2145.55,2898.15,14630.7,74.39,293590,6591.8,3.543,2.86,71.379997,10.74,1720.81
2018/7/4,40450,6.63,1256.34,16.04,2117.75,2724.95,14036.6,74,275575,6342.8,3.54,2.824,71.559998,10.39,1700.64
2018/7/11,39670,6.69,1239.75,15.75,2085.45,2561.5,13745.9,70.59,260775,6167.6,3.516,2.829,72.519997,10.39,1726.99
2018/7/18,39690,6.77,1226.14,15.42,2059.25,2614.6,13401,69.47,255655,6129.4,3.508,2.895,74.550003,10.39,1705.22
2018/7/25,40610,6.8,1224.52,15.46,2055.95,2641.45,13745.9,70.07,253715,6261.1,3.557,2.958,75.419998,10.39,1749.95
2018/8/1,40510,6.83,1211.16,15.33,2014.35,2634.85,13508.55,69.42,250395,6136.4,3.49,2.951,75.879997,10.096,1756.73
2018/8/8,40430,6.85,1204.78,15.22,2068.25,2548.7,13658.2,68.23,252915,6127,3.574,2.873,76.160004,9.9,1720.75
2018/8/15,40010,6.87,1184.24,14.66,2016.9,2373.1,13264.8,66.08,258875,5905.8,3.656,2.864,74.870003,9.9,1633.92
2018/8/22,39910,6.82,1199.56,14.7,2073.48,2514.55,13406.7,69.34,266535,6057.35,3.638,2.813,76.610001,9.9,1643.87
2018/8/29,40290,6.83,1199.97,14.48,2091.15,2468.9,12880.1,70.49,264920,5968.9,3.6,2.86,77.589996,9.9,1672.64
2018/9/5,39670,6.85,1197.44,14.14,2026.2,2395.65,12290.2,68.17,247135,5881.7,3.653,2.939,77.589996,10.43,1604.75
2018/9/12,39890,6.85,1199.86,14.14,2011.85,2329.15,12422.8,69.17,224025,5985.9,3.675,2.999,78.209999,10.43,1586.65
2018/9/19,40770,6.86,1202.19,14.3,2027.9,2487.25,12770.4,71.09,215295,6244.15,3.713,3.067,79.75,10.43,1678.7
2018/9/26,41575,6.88,1191.88,14.45,2055.3,2624.75,12507.9,73.78,203785,6252.4,3.653,3.065,78.339996,10.43,1715.5
2018/10/3,41450,6.89,1195.52,14.5,2121.1,2680.5,12609.4,74.5,185950,6238.45,3.655,3.233,79.599998,10.6,1695.01
2018/10/10,41510,6.91,1217.3,14.54,2027.45,2642.05,12567.1,71.56,167215,6266.7,3.605,3.167,75.400002,10.6,1630.04
2018/10/17,40990,6.94,1225.12,14.6,1999.6,2700.3,12365.2,69.39,155695,6207.75,3.583,3.196,74.739998,10.6,1608.93
2018/10/24,40650,6.95,1230.26,14.58,1968.4,2677.3,11884.7,67.5,146105,6180.6,3.552,3.077,69.300003,10.6,1524.26
2018/10/31,40130,6.92,1227.74,14.56,1947.2,2570,11675.9,62.77,161605,6169.7,3.551,3.22,69.879997,10.632,1533.05
2018/11/7,40350,6.94,1212.37,14.21,1949.6,2556.9,11486.6,59.8,171045,6116.85,3.5,3.186,73.279999,11.49,1583.58
2018/11/14,39990,6.94,1218.03,14.3,1920.05,2648.5,11166.9,56.81,158285,6205.5,3.366,3.065,71.07,11.49,1526.29
2018/11/21,40330,6.94,1222.49,14.31,1935.8,2602.4,10841.25,50.89,140220,6233.6,3.42,3.046,69.870003,11.49,1495.01
2018/11/28,40150,6.91,1227.16,14.32,1952.7,2634.3,11021.2,50.6,134825,6248.7,3.398,2.993,71.800003,11.49,1449.63
2018/12/5,40350,6.88,1241.95,14.52,1942.85,2688.7,10841.6,52.05,124280,6132.5,3.314,2.858,73.379997,11.61,1470.73
2018/12/12,40010,6.89,1243.95,14.65,1921.6,2603.2,10835.4,51.17,120980,6094.25,3.369,2.895,68.18,11.61,1433.43
2018/12/19,39590,6.89,1259.37,14.68,1905.65,2563.4,10811.07,45.08,129190,5962.28,3.355,2.788,65.029999,11.61,1421.33
2018/12/26,39170,6.88,1277.5,15.3,1855.63,2522.15,10667.58,44.92,130965,5949.12,3.273,2.716,63.150002,11.61,1392.21
2019/1/2,38683.33,6.86,1287.42,15.62,1845.55,2508,10964.6,48.18,132335,5844.15,3.176,2.668,64.739998,9.338,1405.45
2019/1/9,38730,6.78,1289.45,15.6,1821.2,2486.6,11361.5,51.64,133455,5903.5,3.138,2.699,67.029999,8.77,1487.87
2019/1/16,38710,6.78,1286.31,15.39,1854.5,2565.65,11626.6,53.67,139030,5957.65,3.118,2.788,67.720001,8.77,1510.83
2019/1/23,38710,6.76,1296.18,15.57,1878.55,2662,11811.4,53.3,146320,5972.45,3.157,2.759,68.839996,8.77,1518.22
2019/1/30,38800,6.73,1317.05,15.91,1887.2,2752.2,12690.3,55.17,149590,6150.95,3.145,2.684,71.459999,8.202,1546.26
2019/2/6,38845,6.76,1309.74,15.7,1859.65,2674.95,12598.25,52.6,148990,6181.35,3.15,2.634,73.459999,5.93,1560.86
2019/2/13,38890,6.77,1321.2,15.72,1826.45,2633.7,12343.25,55.76,143235,6226.15,3.09,2.664,75.040001,5.93,1541.62
2019/2/20,39550,6.71,1329.09,15.89,1878,2734.55,12858.5,56.74,135310,6477.5,3.148,2.654,76.019997,5.93,1593.4
2019/2/27,40190,6.7,1300.01,15.32,1876.8,2796.25,13160,55.5,125505,6527.3,3.195,2.759,76.599998,6.258,1616.35
2019/3/6,40250,6.71,1292.61,15.21,1838.1,2786.6,13097.6,55.86,115985,6463.1,3.159,2.63,74.870003,7.57,1575.68
2019/3/13,40250,6.71,1303.15,15.31,1890.9,2853.1,12947.05,58.34,161570,6458.05,3.155,2.591,74.93,7.57,1572.58
2019/3/20,40430,6.71,1314.37,15.45,1876.3,2880.1,12960.1,58.69,175425,6381.1,3.138,2.437,73.93,7.57,1599.75
2019/3/27,40050,6.72,1294.26,15.11,1881.9,2957.35,12949.4,59.98,169030,6412.2,3.075,2.407,73.690002,7.57,1582.52
2019/4/3,40600,6.72,1294.92,15.15,1860.7,2965.2,13105.4,63.16,192080,6448.4,3.268,2.499,76.32,9.45,1663.49
2019/4/10,40675,6.71,1291,15.01,1841.75,2960.8,12949.05,63.73,193325,6444.7,3.331,2.562,75.620003,9.45,1680.79
2019/4/17,40730,6.71,1274.24,14.95,1848.35,2867,12521,63.96,189140,6449.4,3.39,2.56,77.419998,9.45,1672.87
2019/4/24,40490,6.73,1280.25,14.95,1823.95,2896.3,12279.2,62.77,207645,6406.25,3.421,2.5,78.519997,9.45,1627.95
2019/5/1,40350,6.75,1278.26,14.79,1787.35,2838.4,12074.15,61.8,229080,6197.65,3.416,2.53,77.5,8.778,1578.01
2019/5/8,39790,6.84,1289.44,14.76,1780.2,2726.85,11839.1,61.71,211810,6062.05,3.314,2.473,76.080002,8.33,1534.17
2019/5/15,37690,6.9,1282.42,14.52,1798,2748.35,12079.6,62.74,190900,6025.3,3.283,2.393,74.970001,8.33,1486.71
2019/5/22,39470,6.91,1281,14.49,1766.85,2704.6,12108.1,58.88,186255,5920.9,3.333,2.324,74.889999,8.33,1462.16
2019/5/29,39130,6.9,1304.56,14.61,1762.25,2657.9,11940.6,53.25,206605,5830.45,3.297,2.133,72.769997,8.33,1446.88
2019/6/5,38616.66,6.91,1331.92,14.82,1742.9,2623,11632,53.98,211570,5813.75,3.263,2.084,74.989998,8.43,1458.84
2019/6/12,38570,6.92,1340.69,14.87,1745.65,2598.4,11774,52.47,242795,5838.85,3.279,2.084,75.330002,8.43,1512.31
2019/6/19,38550,6.87,1397.79,15.35,1763.25,2596.6,12114.55,57.36,245815,5956.35,3.25,2.059,76.550003,8.43,1542.8
2019/6/26,38790,6.87,1406.72,15.25,1774.45,2555.8,12393.9,58.02,241020,5947.15,3.279,2.007,76.540001,8.43,1582.46
2019/7/3,38470,6.88,1405.25,15.13,1786,2411.1,12456.4,57.61,288265,5877.95,3.188,2.039,77.82,8.51,1592.53
2019/7/10,38230,6.88,1411.71,15.3,1819.65,2446.45,13401.9,60.28,290095,5956.25,3.189,2.124,76.519997,8.51,1546.2
2019/7/17,38670,6.88,1428.35,16.25,1813.2,2435.9,14460.6,55.74,296635,5987.35,3.173,2.057,76.889999,8.51,1563.53
2019/7/24,38910,6.88,1423.16,16.48,1787.7,2459,14249.6,56.05,294010,5966.25,3.175,2.074,78.830002,8.51,1560.09
2019/7/31,38730,6.96,1447.05,16.33,1745.85,2357.4,14660,55.12,285230,5759.5,3.139,1.843,77.82,8.238,1485.45
2019/8/7,38270,7.05,1503.19,17.01,1739.55,2271.1,15550.6,54.22,273620,5741.6,3.039,1.745,74.790001,7.83,1368.45
2019/8/14,38530,7.04,1511.37,17.12,1753.7,2244.1,16063.3,54.88,313050,5722.8,3.03,1.562,72.970001,7.83,1328.71
2019/8/21,38430,7.11,1519.41,17.48,1742.4,2263.85,15758.4,53.96,331130,5651,3.07,1.533,75.019997,7.83,1317.06
2019/8/28,38550,7.16,1532.86,18.53,1721.55,2243.8,17375.2,55.17,334970,5643.4,3.068,1.499,74.18,7.83,1317.42
2019/9/4,38830,7.13,1512.42,18.45,1767.4,2333.25,17900.6,56.66,315260,5789,3.023,1.56,75.68,7.74,1370.77
2019/9/11,39200,7.09,1496.9,17.89,1773.35,2361.5,17698.6,54.84,300570,5824.95,3.094,1.901,78.870003,7.74,1458.68
2019/9/18,39350,7.1,1512.83,18.13,1762,2317.6,17457,58.41,287490,5762.95,3.118,1.722,79.120003,7.74,1467.33
2019/9/25,39170,7.14,1491.32,17.49,1717.3,2352.4,17361.3,56.17,267625,5707.4,3.158,1.687,77.720001,7.74,1420.65
2019/10/2,39150,7.15,1501.7,17.56,1716.6,2330.2,17761,53,280340,5641.07,3.155,1.529,74.339996,8.228,1377.51
2019/10/9,39025,7.1,1492.38,17.56,1725.65,2422.65,17365.3,54.89,280675,5738.05,3.163,1.734,74.699997,8.35,1380.05
2019/10/16,39050,7.08,1488.87,17.51,1722.6,2485.6,16355.8,53.73,271525,5758.35,3.193,1.754,77.230003,8.35,1417.87
2019/10/23,39310,7.07,1495.99,17.8,1728.05,2553.45,16743.7,56.49,260440,5884.7,3.255,1.8,78,8.35,1454.05
2019/10/30,39350,7.03,1503.02,17.93,1787.9,2564.75,16597.6,56.05,257645,5849.3,3.283,1.714,79.360001,8.368,1493.01
2019/11/6,39170,7,1465.88,17.01,1803.45,2526.55,15982.5,57.36,235995,5893.75,3.29,1.945,81.370003,8.44,1545.11
2019/11/13,39050,7.02,1469.21,17.01,1747.15,2405.8,14991.6,57.86,222370,5819.2,3.263,1.836,81.449997,8.44,1507.61
2019/11/20,39110,7.03,1462.8,17.02,1751.75,2323.6,14465.7,57.84,218450,5852.3,3.188,1.771,81.279999,8.44,1506.46
2019/11/27,39290,7.04,1462.64,16.98,1783.4,2279.95,13777.6,55.36,209360,5857.95,3.192,1.774,82.419998,8.44,1528.98
2019/12/4,39190,7.04,1467.17,16.72,1760.45,2241.25,13272.6,59.11,194240,5959,3.212,1.843,80.120003,9.42,1527.4
2019/12/11,40190,7,1474.37,16.94,1757.52,2264.3,13999.3,59.78,171805,6145.8,3.203,1.824,81.209999,9.42,1594.23
2019/12/18,40470,7.01,1483.32,17.28,1774.2,2309.1,14187.7,60.44,154590,6166.5,3.247,1.919,81.25,9.42,1633.59
2019/12/25,40570,6.99,1511.9,17.84,1792.92,2295.5,14159.35,61.74,147492.5,6181.87,3.171,1.877,81.779999,9.42,1619.67
2020/1/1,40500,6.96,1548.71,18.07,1786.17,2328.22,13910.95,63.1,143642.5,6133.15,3.193,1.793,81.470001,7.38,1621.4
2020/1/8,40210,6.91,1552.84,17.96,1776.25,2393.25,13976,59.17,133005,6202.47,3.136,1.82,82.989998,6.02,1599.37
2020/1/15,40310,6.88,1556.85,17.95,1796.8,2446.75,13860.1,58.77,133445,6222.5,3.149,1.825,83.57,6.02,1622.96
2020/1/22,39750,6.93,1568.33,17.84,1768.7,2322.85,12940.9,54.13,189670,5864,3.05,1.686,83.040001,6.02,1595.65
2020/1/29,36550,6.97,1573.99,17.72,1693,2193.45,12634.3,51.57,181045,5566.05,2.868,1.505,82.940002,6.02,1503.48
2020/2/5,36890,6.98,1566.47,17.7,1696.8,2166.3,12913.9,50.34,172930,5691,2.901,1.582,83.989998,2.62,1504.21
2020/2/12,37910,6.98,1581.46,17.75,1702.63,2145.25,12980.5,52.2,164375,5762.6,2.936,1.588,85.230003,2.62,1514.67
2020/2/19,38190,7.02,1633.6,18.36,1684.9,2068.9,12495.9,53.22,163305,5705.65,2.798,1.473,84.129997,2.62,1488.05
2020/2/26,37790,6.99,1620.04,17.24,1686.2,2000.2,12419.8,45.13,217530,5637.65,2.681,1.163,77.309998,2.62,1348.82
2020/3/4,37750,6.94,1662.2,17.17,1686.25,1968.35,12696.7,41.53,198935,5597,2.721,0.773,76.849998,2.17,1295.3
2020/3/11,36710,7,1556.29,14.56,1650.22,1931,12000.8,32.98,192185,5359.55,2.754,0.983,65.120003,2.17,1074.38
2020/3/18,34150,7.08,1526.43,12.83,1566.8,1824.65,11128.2,23.2,229115,4758.2,2.674,0.885,54.07,2.17,919.37
2020/3/25,31750,7.09,1613.33,14.26,1502.8,1858.9,11272.1,21.53,223680,4823.33,2.608,0.676,57.830002,2.17,974.83
2020/4/1,32910,7.08,1624.89,14.55,1449.4,1883.65,11257.89,28.5,218725,4875.5,2.537,0.599,56.349998,2.11,1003.44
2020/4/8,34300,7.05,1692.39,15.37,1445.2,1897.8,11629.67,23.05,260040,5032.34,2.552,0.729,62.279999,2.07,1067.71
2020/4/15,35270,7.08,1699.1,15.25,1465.67,1926.75,11989.05,18.16,263190,5110.8,2.512,0.642,60.810001,2.07,1084.58
2020/4/22,35530,7.08,1717.72,15.16,1473.16,1887.3,12126.25,7.99,261035,5145.9,2.51,0.605,60.599998,2.07,1053.19
2020/4/29,36325,7.06,1699.96,14.96,1452.29,1915.54,11985.4,8.31,251610,5139.2,2.627,0.618,65.510002,2.422,1120.18
2020/5/6,36450,7.09,1699.77,15.31,1448.38,2002.2,12262,9.61,240785,5221.05,2.669,0.685,60.869999,3.83,1103.73
2020/5/13,36590,7.1,1732.4,16.46,1447.25,1992.4,12109.3,10.17,267810,5227.83,2.605,0.644,59.049999,3.83,1093.66
2020/5/20,36950,7.12,1728.86,17.21,1488.48,1998.22,12401.15,11.63,271910,5332.36,2.707,0.657,63.740002,3.83,1183.37
2020/5/27,37090,7.13,1724.05,17.76,1513.99,1978.09,12366.1,12.67,260320,5369.9,2.871,0.653,68.739998,3.83,1228.77
2020/6/3,37730,7.09,1700.8,17.6,1562.49,2028.07,12849.4,14.33,243775,5622.97,2.793,0.893,71.379997,5.84,1320.09
2020/6/10,39110,7.08,1729.07,17.59,1574.67,1986.33,12750.67,14.12,239020,5753.05,2.905,0.71,72.610001,5.84,1351.38
2020/6/17,39550,7.08,1742.1,17.6,1581.9,2051.98,12721.6,15.61,237280,5821.35,2.915,0.694,70.349998,5.84,1307.79
2020/6/24,40250,7.08,1769.47,17.81,1576.9,2039.1,12608.8,15.87,221915,5929.85,2.923,0.64,66.650002,5.84,1299.63
2020/7/1,40970,7.05,1779.35,18.08,1597.6,2036.75,13065.35,17.38,204815,6093.05,3.118,0.669,68.389999,5.954,1293.05
2020/7/8,41550,7,1804.27,18.86,1647.99,2176.52,13467.2,18.37,180575,6404.93,3.047,0.643,68.629997,6.03,1334.92
2020/7/15,43050,6.99,1814.42,19.82,1639.55,2201.6,13341.6,19.14,156195,6462.24,2.895,0.623,71.550003,6.03,1389.95
2020/7/22,42790,7,1911.68,23.45,1667.55,2224.73,13527.45,20.27,140525,6483.95,2.973,0.587,72.639999,6.03,1407.65
2020/7/29,42650,6.99,1979.12,24.5,1697.97,2303.9,13842.4,20.9,128215,6458.75,2.995,0.533,72.730003,6.03,1413.21
2020/8/5,42390,6.95,2015.11,27.53,1741.43,2393,14337.45,22.42,118070,6412.4,2.957,0.566,73.589996,6.37,1435.58
2020/8/12,41610,6.94,1959.73,26.88,1728.49,2388.99,14346.69,23.76,111835,6421.5,3.005,0.709,77.639999,6.37,1469.29
2020/8/19,42770,6.92,1934.87,26.75,1740.39,2451.6,14749.45,24.62,101510,6581.6,3.083,0.636,76.550003,6.37,1468.33
2020/8/26,42690,6.86,1956.96,27.51,1760.47,2486.1,15309.9,26.14,89840,6673.02,3.128,0.724,77.769997,6.37,1462.39
2020/9/2,43110,6.84,1933.34,26.88,1751.41,2462.4,15195.3,25.22,81235,6703.95,3.14,0.721,79.900002,6.05,1476.02
2020/9/9,43450,6.82,1948.02,26.96,1749.31,2433.64,15017.7,24.88,75675,6762.2,3.13,0.669,77.559998,5.97,1476.16
2020/9/16,43490,6.77,1933.06,26,1745.25,2482.1,14822.1,41.19,78655,6795.78,3.124,0.697,79.510002,5.97,1513.32
2020/9/23,43210,6.82,1873.83,23.32,1724.55,2385.23,14340.35,40.16,93335,6564.28,3.155,0.656,75.25,5.97,1419.57
2020/9/30,42816.66,6.76,1896.06,23.62,1730.15,2331.17,14449.6,37.2,161540,6523.5,3.2,0.704,76.980003,6.01,1418.32
2020/10/7,43050,6.72,1904.81,24.39,1812.98,2385.15,14894.55,40.8,154050,6704.35,3.23,0.779,79.620003,6.07,1469.31
2020/10/14,43150,6.7,1904.04,24.34,1837.82,2443.15,15578.1,41.01,178145,6760.44,3.205,0.749,80.720001,6.07,1484.83
2020/10/21,43470,6.69,1907.64,24.6,1823.35,2545.65,15761.35,39.8,179675,6855.28,3.192,0.841,80.190002,6.07,1513.45
2020/10/28,43190,6.7,1884.97,23.71,1843.2,2527.95,15355.89,35.92,171565,6742.8,3.211,0.874,74.870003,6.07,1469.88
2020/11/4,43030,6.62,1908.35,24.62,1887.38,2613.78,15543.29,37.7,172770,6884.55,3.272,0.82,79.389999,6.24,1511.11
2020/11/11,43470,6.6,1879.61,24.47,1924.69,2635.51,15880.55,40.38,164790,6977.56,3.332,0.898,84.870003,6.24,1624.88
2020/11/18,44190,6.57,1850.3,23.86,1974.57,2748.16,15952.3,42.48,157585,7169.9,3.313,0.824,87.230003,6.24,1685.31
2020/11/25,45310,6.57,1798.86,23.19,1997.67,2757.19,16170.75,45.74,151140,7483,3.301,0.842,88.970001,6.24,1793.77
2020/12/2,47470,6.54,1848.03,24.26,2010.93,2744.85,16173.71,46.19,149685,7691.95,3.307,0.973,87.93,6.592,1884.6
2020/12/9,47610,6.54,1838.77,24.03,2024.22,2803.42,17263.05,46.7,146080,7762.19,3.306,0.896,89.410004,6.68,1985.48
2020/12/16,48150,6.54,1873.15,25.68,2019.03,2808.04,17198.9,49.26,125365,7846.47,3.24,0.945,88.290001,6.68,2014.07
2020/12/23,48170,6.53,1876.39,25.9,2008.5,2788.87,16887.75,48.28,116117.5,7804.34,3.203,0.926,87.989998,6.68,2020.66
2020/12/30,48125,6.52,1896.63,26.43,1981.77,2741.14,16608.83,48.27,108925,7777.33,3.2,0.916,88.139999,7.799,2045.63