Number,Month_date,Month,Mean,t-4,t-3,t-2,t-1,t,t+1,t+2
CC110108002300,2013-05-01,11,43.08,20.0,50.0,109.5,0.0,0.0,79.0,93.5
CC110108002300,2013-06-01,12,55.33,50.0,109.5,0.0,0.0,79.0,93.5,0.0
CC110108002300,2013-07-01,1,47.0,109.5,0.0,0.0,79.0,93.5,0.0,0.0
CC110108002300,2013-08-01,2,28.75,0.0,0.0,79.0,93.5,0.0,0.0,67.0
CC110108002300,2013-09-01,3,39.92,0.0,79.0,93.5,0.0,0.0,67.0,75.5
CC110108002300,2013-10-01,4,52.5,79.0,93.5,0.0,0.0,67.0,75.5,17.5
CC110108002300,2013-11-01,5,42.25,93.5,0.0,0.0,67.0,75.5,17.5,34.0
CC110108002300,2013-12-01,6,32.33,0.0,0.0,67.0,75.5,17.5,34.0,28.5
CC110108002300,2014-01-01,7,37.08,0.0,67.0,75.5,17.5,34.0,28.5,58.0
CC110108002300,2014-02-01,8,46.75,67.0,75.5,17.5,34.0,28.5,58.0,106.5
CC110108002300,2014-03-01,9,53.33,75.5,17.5,34.0,28.5,58.0,106.5,0.0
CC110108002300,2014-04-01,10,40.75,17.5,34.0,28.5,58.0,106.5,0.0,0.0
CC110108002300,2014-05-01,11,37.83,34.0,28.5,58.0,106.5,0.0,0.0,40.0
CC110108002300,2014-06-01,12,38.83,28.5,58.0,106.5,0.0,0.0,40.0,29.0
CC110108002300,2014-07-01,1,38.92,58.0,106.5,0.0,0.0,40.0,29.0,91.25200000000001
CC110108002300,2014-08-01,2,44.46,106.5,0.0,0.0,40.0,29.0,91.25200000000001,6.0
CC110108002300,2014-09-01,3,27.71,0.0,0.0,40.0,29.0,91.25200000000001,6.0,93.248
CC110108002300,2014-10-01,4,43.25,0.0,40.0,29.0,91.25200000000001,6.0,93.248,49.5
CC110108002300,2014-11-01,5,51.5,40.0,29.0,91.25200000000001,6.0,93.248,49.5,158.5
CC110108002300,2014-12-01,6,71.25,29.0,91.25200000000001,6.0,93.248,49.5,158.5,37.0
CC110108002300,2015-01-01,7,72.58,91.25200000000001,6.0,93.248,49.5,158.5,37.0,1.0
CC110108002300,2015-02-01,8,57.54,6.0,93.248,49.5,158.5,37.0,1.0,35.0
CC110108002300,2015-03-01,9,62.37,93.248,49.5,158.5,37.0,1.0,35.0,62.0
CC110108002300,2015-04-01,10,57.17,49.5,158.5,37.0,1.0,35.0,62.0,15.0
CC110108002300,2015-05-01,11,51.42,158.5,37.0,1.0,35.0,62.0,15.0,2.51
CC110108002300,2015-06-01,12,25.42,37.0,1.0,35.0,62.0,15.0,2.51,82.99000000000001
CC110108002300,2015-07-01,1,33.08,1.0,35.0,62.0,15.0,2.51,82.99000000000001,54.0
CC110108002300,2015-08-01,2,41.92,35.0,62.0,15.0,2.51,82.99000000000001,54.0,4.0
CC110108002300,2015-09-01,3,36.75,62.0,15.0,2.51,82.99000000000001,54.0,4.0,75.0
CC110108002300,2015-10-01,4,38.92,15.0,2.51,82.99000000000001,54.0,4.0,75.0,32.5
CC110108002300,2015-11-01,5,41.83,2.51,82.99000000000001,54.0,4.0,75.0,32.5,24.0
CC110108002300,2015-12-01,6,45.42,82.99000000000001,54.0,4.0,75.0,32.5,24.0,28.5
CC110108002300,2016-01-01,7,36.33,54.0,4.0,75.0,32.5,24.0,28.5,49.0
CC110108002300,2016-02-01,8,35.5,4.0,75.0,32.5,24.0,28.5,49.0,61.5
CC110108002300,2016-03-01,9,45.08,75.0,32.5,24.0,28.5,49.0,61.5,98.0
CC110108002300,2016-04-01,10,48.92,32.5,24.0,28.5,49.0,61.5,98.0,8.0
CC110108002300,2016-05-01,11,44.83,24.0,28.5,49.0,61.5,98.0,8.0,23.0
CC110108002300,2016-06-01,12,44.67,28.5,49.0,61.5,98.0,8.0,23.0,52.5
CC110108002300,2016-07-01,1,48.67,49.0,61.5,98.0,8.0,23.0,52.5,103.0
CC110108002300,2016-08-01,2,57.67,61.5,98.0,8.0,23.0,52.5,103.0,120.664
CC110108002300,2016-09-01,3,67.53,98.0,8.0,23.0,52.5,103.0,120.664,49.336
CC110108002300,2016-10-01,4,59.42,8.0,23.0,52.5,103.0,120.664,49.336,46.0
CC110108002300,2016-11-01,5,65.75,23.0,52.5,103.0,120.664,49.336,46.0,20.5
CC110108002300,2016-12-01,6,65.33,52.5,103.0,120.664,49.336,46.0,20.5,33.0
CC110108002300,2017-01-01,7,62.08,103.0,120.664,49.336,46.0,20.5,33.0,58.5
CC110108002300,2017-02-01,8,54.67,120.664,49.336,46.0,20.5,33.0,58.5,67.5
CC110108002300,2017-03-01,9,45.81,49.336,46.0,20.5,33.0,58.5,67.5,0.0
CC110108002300,2017-04-01,10,37.58,46.0,20.5,33.0,58.5,67.5,0.0,143.5
CC110108002300,2017-05-01,11,53.83,20.5,33.0,58.5,67.5,0.0,143.5,58.0
CC110108002300,2017-06-01,12,60.08,33.0,58.5,67.5,0.0,143.5,58.0,151.5
CC110108002300,2017-07-01,1,79.83,58.5,67.5,0.0,143.5,58.0,151.5,97.5
CC110108002300,2017-08-01,2,86.33,67.5,0.0,143.5,58.0,151.5,97.5,16.0
CC110108002300,2017-09-01,3,77.75,0.0,143.5,58.0,151.5,97.5,16.0,53.0
CC110108002300,2017-10-01,4,86.58,143.5,58.0,151.5,97.5,16.0,53.0,164.0
CC110108002300,2017-11-01,5,90.0,58.0,151.5,97.5,16.0,53.0,164.0,0.0
CC110108002300,2017-12-01,6,80.33,151.5,97.5,16.0,53.0,164.0,0.0,182.0
CC110108002300,2018-01-01,7,85.42,97.5,16.0,53.0,164.0,0.0,182.0,0.0
CC110108002300,2018-02-01,8,69.17,16.0,53.0,164.0,0.0,182.0,0.0,28.164
CC110108002300,2018-03-01,9,71.19,53.0,164.0,0.0,182.0,0.0,28.164,10.836
CC110108002300,2018-04-01,10,64.17,164.0,0.0,182.0,0.0,28.164,10.836,12.4
CC110108002300,2018-05-01,11,38.9,0.0,182.0,0.0,28.164,10.836,12.4,63.8
CC110108002300,2018-06-01,12,49.53,182.0,0.0,28.164,10.836,12.4,63.8,43.8
CC110108002300,2018-07-01,1,26.5,0.0,28.164,10.836,12.4,63.8,43.8,49.2
CC110108002300,2018-08-01,2,34.7,28.164,10.836,12.4,63.8,43.8,49.2,5.200000000000001
CC110108002300,2018-09-01,3,30.87,10.836,12.4,63.8,43.8,49.2,5.200000000000001,143.3
CC110108002300,2018-10-01,4,52.95,12.4,63.8,43.8,49.2,5.200000000000001,143.3,97.5
CC110108002300,2018-11-01,5,67.13,63.8,43.8,49.2,5.200000000000001,143.3,97.5,85.8
CC110108002300,2018-12-01,6,70.8,43.8,49.2,5.200000000000001,143.3,97.5,85.8,90.0
CC110108002300,2019-01-01,7,78.5,49.2,5.200000000000001,143.3,97.5,85.8,90.0,63.800000000000004
CC110108002300,2019-02-01,8,80.93,5.200000000000001,143.3,97.5,85.8,90.0,63.800000000000004,50.400000000000006
CC110108002300,2019-03-01,9,88.47,143.3,97.5,85.8,90.0,63.800000000000004,50.400000000000006,207.18
CC110108002300,2019-04-01,10,99.11,97.5,85.8,90.0,63.800000000000004,50.400000000000006,207.18,158.36200000000002
CC110108002300,2019-05-01,11,109.26,85.8,90.0,63.800000000000004,50.400000000000006,207.18,158.36200000000002,141.458
CC110108002300,2019-06-01,12,118.53,90.0,63.800000000000004,50.400000000000006,207.18,158.36200000000002,141.458,85.0
CC110108002300,2019-07-01,1,117.7,63.800000000000004,50.400000000000006,207.18,158.36200000000002,141.458,85.0,44.5
CC110108002300,2019-08-01,2,114.48,50.400000000000006,207.18,158.36200000000002,141.458,85.0,44.5,0.0
CC110108002300,2019-09-01,3,106.08,207.18,158.36200000000002,141.458,85.0,44.5,0.0,218.0
CC110108002300,2019-10-01,4,107.89,158.36200000000002,141.458,85.0,44.5,0.0,218.0,127.5
CC110108002300,2019-11-01,5,102.74,141.458,85.0,44.5,0.0,218.0,127.5,384.82699999999994
CC110108002300,2019-12-01,6,143.3,85.0,44.5,0.0,218.0,127.5,384.82699999999994,197.243
CC110108002300,2020-01-01,7,162.01,44.5,0.0,218.0,127.5,384.82699999999994,197.243,149.93
CC110108002300,2020-02-01,8,179.58,0.0,218.0,127.5,384.82699999999994,197.243,149.93,159.5
CC110108002300,2020-03-01,9,206.17,218.0,127.5,384.82699999999994,197.243,149.93,159.5,23.5
CC110108002300,2020-04-01,10,173.75,127.5,384.82699999999994,197.243,149.93,159.5,23.5,70.0
CC110108002300,2020-05-01,11,164.17,384.82699999999994,197.243,149.93,159.5,23.5,70.0,137.5
CC110108002300,2020-06-01,12,122.95,197.243,149.93,159.5,23.5,70.0,137.5,251.5
CC110108002300,2020-07-01,1,131.99,149.93,159.5,23.5,70.0,137.5,251.5,835.0
CC110208002500,2013-06-01,12,56.08,14.0,75.5,66.5,16.5,50.0,113.95,171.38
CC110208002500,2013-07-01,1,82.3,75.5,66.5,16.5,50.0,113.95,171.38,193.0
CC110208002500,2013-08-01,2,101.89,66.5,16.5,50.0,113.95,171.38,193.0,0.0
CC110208002500,2013-09-01,3,90.8,16.5,50.0,113.95,171.38,193.0,0.0,38.62
CC110208002500,2013-10-01,4,94.49,50.0,113.95,171.38,193.0,0.0,38.62,82.0
CC110208002500,2013-11-01,5,99.82,113.95,171.38,193.0,0.0,38.62,82.0,0.0
CC110208002500,2013-12-01,6,80.83,171.38,193.0,0.0,38.62,82.0,0.0,0.0
CC110208002500,2014-01-01,7,52.27,193.0,0.0,38.62,82.0,0.0,0.0,22.05
CC110208002500,2014-02-01,8,23.78,0.0,38.62,82.0,0.0,0.0,22.05,78.5
CC110208002500,2014-03-01,9,36.86,38.62,82.0,0.0,0.0,22.05,78.5,96.0
CC110208002500,2014-04-01,10,46.42,82.0,0.0,0.0,22.05,78.5,96.0,17.0
CC110208002500,2014-05-01,11,35.59,0.0,0.0,22.05,78.5,96.0,17.0,65.0
CC110208002500,2014-06-01,12,46.42,0.0,22.05,78.5,96.0,17.0,65.0,15.13
CC110208002500,2014-07-01,1,48.95,22.05,78.5,96.0,17.0,65.0,15.13,15.870000000000001
CC110208002500,2014-08-01,2,47.92,78.5,96.0,17.0,65.0,15.13,15.870000000000001,64.5
CC110208002500,2014-09-01,3,45.58,96.0,17.0,65.0,15.13,15.870000000000001,64.5,0.0
CC110208002500,2014-10-01,4,29.58,17.0,65.0,15.13,15.870000000000001,64.5,0.0,0.0
CC110208002500,2014-11-01,5,26.75,65.0,15.13,15.870000000000001,64.5,0.0,0.0,29.0
CC110208002500,2014-12-01,6,20.75,15.13,15.870000000000001,64.5,0.0,0.0,29.0,0.0
CC110208002500,2015-01-01,7,18.23,15.870000000000001,64.5,0.0,0.0,29.0,0.0,16.0
CC110208002500,2015-02-01,8,18.25,64.5,0.0,0.0,29.0,0.0,16.0,30.22
CC110208002500,2015-03-01,9,12.54,0.0,0.0,29.0,0.0,16.0,30.22,16.0
CC110208002500,2015-04-01,10,15.2,0.0,29.0,0.0,16.0,30.22,16.0,0.0
CC110208002500,2015-05-01,11,15.2,29.0,0.0,16.0,30.22,16.0,0.0,51.78
CC110208002500,2015-06-01,12,19.0,0.0,16.0,30.22,16.0,0.0,51.78,119.5
CC110208002500,2015-07-01,1,38.92,16.0,30.22,16.0,0.0,51.78,119.5,108.5
CC110208002500,2015-08-01,2,54.33,30.22,16.0,0.0,51.78,119.5,108.5,227.0
CC110208002500,2015-09-01,3,87.13,16.0,0.0,51.78,119.5,108.5,227.0,81.5
CC110208002500,2015-10-01,4,98.05,0.0,51.78,119.5,108.5,227.0,81.5,0.0
CC110208002500,2015-11-01,5,98.05,51.78,119.5,108.5,227.0,81.5,0.0,64.0
CC110208002500,2015-12-01,6,100.08,119.5,108.5,227.0,81.5,0.0,64.0,71.5
CC110208002500,2016-01-01,7,92.08,108.5,227.0,81.5,0.0,64.0,71.5,37.5
CC110208002500,2016-02-01,8,80.25,227.0,81.5,0.0,64.0,71.5,37.5,229.5
CC110208002500,2016-03-01,9,80.67,81.5,0.0,64.0,71.5,37.5,229.5,64.5
CC110208002500,2016-04-01,10,77.83,0.0,64.0,71.5,37.5,229.5,64.5,93.178
CC110208002500,2016-05-01,11,93.36,64.0,71.5,37.5,229.5,64.5,93.178,78.391
CC110208002500,2016-06-01,12,95.76,71.5,37.5,229.5,64.5,93.178,78.391,88.931
CC110208002500,2016-07-01,1,98.67,37.5,229.5,64.5,93.178,78.391,88.931,278.354
CC110208002500,2016-08-01,2,138.81,229.5,64.5,93.178,78.391,88.931,278.354,125.0
CC110208002500,2016-09-01,3,121.39,64.5,93.178,78.391,88.931,278.354,125.0,3.146
CC110208002500,2016-10-01,4,111.17,93.178,78.391,88.931,278.354,125.0,3.146,199.5
CC110208002500,2016-11-01,5,128.89,78.391,88.931,278.354,125.0,3.146,199.5,246.678
CC110208002500,2016-12-01,6,156.93,88.931,278.354,125.0,3.146,199.5,246.678,94.822
CC110208002500,2017-01-01,7,157.92,278.354,125.0,3.146,199.5,246.678,94.822,253.0
CC110208002500,2017-02-01,8,153.69,125.0,3.146,199.5,246.678,94.822,253.0,33.0
CC110208002500,2017-03-01,9,138.36,3.146,199.5,246.678,94.822,253.0,33.0,167.0
CC110208002500,2017-04-01,10,165.67,199.5,246.678,94.822,253.0,33.0,167.0,590.375
CC110208002500,2017-05-01,11,230.81,246.678,94.822,253.0,33.0,167.0,590.375,388.0
CC110208002500,2017-06-01,12,254.37,94.822,253.0,33.0,167.0,590.375,388.0,923.777
CC110208002500,2017-07-01,1,392.53,253.0,33.0,167.0,590.375,388.0,923.777,0.348
CC110208002500,2017-08-01,2,350.42,33.0,167.0,590.375,388.0,923.777,0.348,80.5
CC110208002500,2017-09-01,3,358.33,167.0,590.375,388.0,923.777,0.348,80.5,13.178
CC110208002500,2017-10-01,4,332.7,590.375,388.0,923.777,0.348,80.5,13.178,140.322
CC110208002500,2017-11-01,5,257.69,388.0,923.777,0.348,80.5,13.178,140.322,311.5
CC110208002500,2017-12-01,6,244.94,923.777,0.348,80.5,13.178,140.322,311.5,304.5
CC110208002500,2018-01-01,7,141.72,0.348,80.5,13.178,140.322,311.5,304.5,0.0
CC110208002500,2018-02-01,8,141.67,80.5,13.178,140.322,311.5,304.5,0.0,393.0
CC110208002500,2018-03-01,9,193.75,13.178,140.322,311.5,304.5,0.0,393.0,0.0
CC110208002500,2018-04-01,10,191.55,140.322,311.5,304.5,0.0,393.0,0.0,25.2
CC110208002500,2018-05-01,11,172.37,311.5,304.5,0.0,393.0,0.0,25.2,0.0
CC110208002500,2018-06-01,12,120.45,304.5,0.0,393.0,0.0,25.2,0.0,519.7
CC110208002500,2018-07-01,1,156.32,0.0,393.0,0.0,25.2,0.0,519.7,693.6
CC110208002500,2018-08-01,2,271.92,393.0,0.0,25.2,0.0,519.7,693.6,0.0
CC110208002500,2018-09-01,3,206.42,0.0,25.2,0.0,519.7,693.6,0.0,0.0
CC110208002500,2018-10-01,4,206.42,25.2,0.0,519.7,693.6,0.0,0.0,178.0
CC110208002500,2018-11-01,5,231.88,0.0,519.7,693.6,0.0,0.0,178.0,30.4
CC110208002500,2018-12-01,6,236.95,519.7,693.6,0.0,0.0,178.0,30.4,429.1
CC110208002500,2019-01-01,7,221.85,693.6,0.0,0.0,178.0,30.4,429.1,315.6
CC110208002500,2019-02-01,8,158.85,0.0,0.0,178.0,30.4,429.1,315.6,505.4
CC110208002500,2019-03-01,9,243.08,0.0,178.0,30.4,429.1,315.6,505.4,693.0
CC110208002500,2019-04-01,10,358.58,178.0,30.4,429.1,315.6,505.4,693.0,611.5
CC110208002500,2019-05-01,11,430.83,30.4,429.1,315.6,505.4,693.0,611.5,818.0
CC110208002500,2019-06-01,12,562.1,429.1,315.6,505.4,693.0,611.5,818.0,244.0
CC110208002500,2019-07-01,1,531.25,315.6,505.4,693.0,611.5,818.0,244.0,740.0
CC110208002500,2019-08-01,2,601.98,505.4,693.0,611.5,818.0,244.0,740.0,15.0
CC110208002500,2019-09-01,3,520.25,693.0,611.5,818.0,244.0,740.0,15.0,748.0
CC110208002500,2019-10-01,4,529.42,611.5,818.0,244.0,740.0,15.0,748.0,182.5
CC110208002500,2019-11-01,5,457.92,818.0,244.0,740.0,15.0,748.0,182.5,404.0
CC110208002500,2019-12-01,6,388.92,244.0,740.0,15.0,748.0,182.5,404.0,70.0
CC110208002500,2020-01-01,7,359.92,740.0,15.0,748.0,182.5,404.0,70.0,303.0
CC110208002500,2020-02-01,8,287.08,15.0,748.0,182.5,404.0,70.0,303.0,377.0
CC110208002500,2020-03-01,9,347.42,748.0,182.5,404.0,70.0,303.0,377.0,327.5
CC110208002500,2020-04-01,10,277.33,182.5,404.0,70.0,303.0,377.0,327.5,672.5
CC110208002500,2020-05-01,11,359.0,404.0,70.0,303.0,377.0,327.5,672.5,264.0
CC110208002500,2020-06-01,12,335.67,70.0,303.0,377.0,327.5,672.5,264.0,0.0
CC110208002500,2020-07-01,1,324.0,303.0,377.0,327.5,672.5,264.0,0.0,546.0
CC110108004500,2013-07-01,1,108.28,395.7,9.0,62.0,183.0,0.0,0.0,12.0
CC110108004500,2013-08-01,2,44.33,9.0,62.0,183.0,0.0,0.0,12.0,0.0
CC110108004500,2013-09-01,3,42.83,62.0,183.0,0.0,0.0,12.0,0.0,0.0
CC110108004500,2013-10-01,4,32.5,183.0,0.0,0.0,12.0,0.0,0.0,0.0
CC110108004500,2013-11-01,5,2.0,0.0,0.0,12.0,0.0,0.0,0.0,47.0
CC110108004500,2013-12-01,6,9.83,0.0,12.0,0.0,0.0,0.0,47.0,102.5
CC110108004500,2014-01-01,7,26.92,12.0,0.0,0.0,0.0,47.0,102.5,125.5
CC110108004500,2014-02-01,8,45.83,0.0,0.0,0.0,47.0,102.5,125.5,0.0
CC110108004500,2014-03-01,9,45.83,0.0,0.0,47.0,102.5,125.5,0.0,70.0
CC110108004500,2014-04-01,10,57.5,0.0,47.0,102.5,125.5,0.0,70.0,0.0
CC110108004500,2014-05-01,11,57.5,47.0,102.5,125.5,0.0,70.0,0.0,75.5
CC110108004500,2014-06-01,12,62.25,102.5,125.5,0.0,70.0,0.0,75.5,30.480999999999998
CC110108004500,2014-07-01,1,50.25,125.5,0.0,70.0,0.0,75.5,30.480999999999998,41.381
CC110108004500,2014-08-01,2,36.23,0.0,70.0,0.0,75.5,30.480999999999998,41.381,34.138
CC110108004500,2014-09-01,3,41.92,70.0,0.0,75.5,30.480999999999998,41.381,34.138,39.0
CC110108004500,2014-10-01,4,36.75,0.0,75.5,30.480999999999998,41.381,34.138,39.0,298.5
CC110108004500,2014-11-01,5,86.5,75.5,30.480999999999998,41.381,34.138,39.0,298.5,86.5
CC110108004500,2014-12-01,6,88.33,30.480999999999998,41.381,34.138,39.0,298.5,86.5,30.0
CC110108004500,2015-01-01,7,88.25,41.381,34.138,39.0,298.5,86.5,30.0,31.0
CC110108004500,2015-02-01,8,86.52,34.138,39.0,298.5,86.5,30.0,31.0,136.0
CC110108004500,2015-03-01,9,103.5,39.0,298.5,86.5,30.0,31.0,136.0,59.5
CC110108004500,2015-04-01,10,106.92,298.5,86.5,30.0,31.0,136.0,59.5,39.5
CC110108004500,2015-05-01,11,63.75,86.5,30.0,31.0,136.0,59.5,39.5,34.5
CC110108004500,2015-06-01,12,55.08,30.0,31.0,136.0,59.5,39.5,34.5,14.0
CC110108004500,2015-07-01,1,52.42,31.0,136.0,59.5,39.5,34.5,14.0,144.5
CC110108004500,2015-08-01,2,71.33,136.0,59.5,39.5,34.5,14.0,144.5,0.0
CC110108004500,2015-09-01,3,48.67,59.5,39.5,34.5,14.0,144.5,0.0,109.0
CC110108004500,2015-10-01,4,56.92,39.5,34.5,14.0,144.5,0.0,109.0,70.5
CC110108004500,2015-11-01,5,62.08,34.5,14.0,144.5,0.0,109.0,70.5,128.5
CC110108004500,2015-12-01,6,77.75,14.0,144.5,0.0,109.0,70.5,128.5,83.5
CC110108004500,2016-01-01,7,89.33,144.5,0.0,109.0,70.5,128.5,83.5,86.3
CC110108004500,2016-02-01,8,79.63,0.0,109.0,70.5,128.5,83.5,86.3,38.5
CC110108004500,2016-03-01,9,86.05,109.0,70.5,128.5,83.5,86.3,38.5,115.2
CC110108004500,2016-04-01,10,87.08,70.5,128.5,83.5,86.3,38.5,115.2,149.0
CC110108004500,2016-05-01,11,100.17,128.5,83.5,86.3,38.5,115.2,149.0,25.0
CC110108004500,2016-06-01,12,82.92,83.5,86.3,38.5,115.2,149.0,25.0,444.5
CC110108004500,2016-07-01,1,143.08,86.3,38.5,115.2,149.0,25.0,444.5,15.0
CC110108004500,2016-08-01,2,131.2,38.5,115.2,149.0,25.0,444.5,15.0,139.0
CC110108004500,2016-09-01,3,147.95,115.2,149.0,25.0,444.5,15.0,139.0,463.8
CC110108004500,2016-10-01,4,206.05,149.0,25.0,444.5,15.0,139.0,463.8,0.0
CC110108004500,2016-11-01,5,181.22,25.0,444.5,15.0,139.0,463.8,0.0,0.0
CC110108004500,2016-12-01,6,177.05,444.5,15.0,139.0,463.8,0.0,0.0,52.5
CC110108004500,2017-01-01,7,111.72,15.0,139.0,463.8,0.0,0.0,52.5,172.0
CC110108004500,2017-02-01,8,137.88,139.0,463.8,0.0,0.0,52.5,172.0,522.8
CC110108004500,2017-03-01,9,201.85,463.8,0.0,0.0,52.5,172.0,522.8,74.0
CC110108004500,2017-04-01,10,136.88,0.0,0.0,52.5,172.0,522.8,74.0,203.0
CC110108004500,2017-05-01,11,170.72,0.0,52.5,172.0,522.8,74.0,203.0,250.0
CC110108004500,2017-06-01,12,212.38,52.5,172.0,522.8,74.0,203.0,250.0,30.0
CC110108004500,2017-07-01,1,208.63,172.0,522.8,74.0,203.0,250.0,30.0,0.0
CC110108004500,2017-08-01,2,179.97,522.8,74.0,203.0,250.0,30.0,0.0,0.0
CC110108004500,2017-09-01,3,92.83,74.0,203.0,250.0,30.0,0.0,0.0,70.0
CC110108004500,2017-10-01,4,92.17,203.0,250.0,30.0,0.0,0.0,70.0,229.5
CC110108004500,2017-11-01,5,96.58,250.0,30.0,0.0,0.0,70.0,229.5,455.0
CC110108004500,2017-12-01,6,130.75,30.0,0.0,0.0,70.0,229.5,455.0,193.4
CC110108004500,2018-01-01,7,157.98,0.0,0.0,70.0,229.5,455.0,193.4,602.4000000000001
CC110108004500,2018-02-01,8,258.38,0.0,70.0,229.5,455.0,193.4,602.4000000000001,591.2
CC110108004500,2018-03-01,9,356.92,70.0,229.5,455.0,193.4,602.4000000000001,591.2,0.0
CC110108004500,2018-04-01,10,345.25,229.5,455.0,193.4,602.4000000000001,591.2,0.0,300.6
CC110108004500,2018-05-01,11,357.1,455.0,193.4,602.4000000000001,591.2,0.0,300.6,205.9
CC110108004500,2018-06-01,12,315.58,193.4,602.4000000000001,591.2,0.0,300.6,205.9,354.6
CC110108004500,2018-07-01,1,342.45,602.4000000000001,591.2,0.0,300.6,205.9,354.6,62.0
CC110108004500,2018-08-01,2,252.38,591.2,0.0,300.6,205.9,354.6,62.0,36.0
CC110108004500,2018-09-01,3,159.85,0.0,300.6,205.9,354.6,62.0,36.0,90.4
CC110108004500,2018-10-01,4,174.92,300.6,205.9,354.6,62.0,36.0,90.4,474.9
CC110108004500,2018-11-01,5,203.97,205.9,354.6,62.0,36.0,90.4,474.9,138.0
CC110108004500,2018-12-01,6,192.65,354.6,62.0,36.0,90.4,474.9,138.0,303.6
CC110108004500,2019-01-01,7,184.15,62.0,36.0,90.4,474.9,138.0,303.6,144.60000000000002
CC110108004500,2019-02-01,8,197.92,36.0,90.4,474.9,138.0,303.6,144.60000000000002,497.3
CC110108004500,2019-03-01,9,274.8,90.4,474.9,138.0,303.6,144.60000000000002,497.3,0.0
CC110108004500,2019-04-01,10,259.73,474.9,138.0,303.6,144.60000000000002,497.3,0.0,0.0
CC110108004500,2019-05-01,11,180.58,138.0,303.6,144.60000000000002,497.3,0.0,0.0,175.5
CC110108004500,2019-06-01,12,186.83,303.6,144.60000000000002,497.3,0.0,0.0,175.5,841.2
CC110108004500,2019-07-01,1,276.43,144.60000000000002,497.3,0.0,0.0,175.5,841.2,352.4
CC110108004500,2019-08-01,2,311.07,497.3,0.0,0.0,175.5,841.2,352.4,0.0
CC110108004500,2019-09-01,3,228.18,0.0,0.0,175.5,841.2,352.4,0.0,176.0
CC110108004500,2019-10-01,4,257.52,0.0,175.5,841.2,352.4,0.0,176.0,958.6
CC110108004500,2019-11-01,5,417.28,175.5,841.2,352.4,0.0,176.0,958.6,338.5
CC110108004500,2019-12-01,6,444.45,841.2,352.4,0.0,176.0,958.6,338.5,153.0
CC110108004500,2020-01-01,7,329.75,352.4,0.0,176.0,958.6,338.5,153.0,340.5
CC110108004500,2020-02-01,8,327.77,0.0,176.0,958.6,338.5,153.0,340.5,751.0
CC110108004500,2020-03-01,9,452.93,176.0,958.6,338.5,153.0,340.5,751.0,203.0
CC110108004500,2020-04-01,10,457.43,958.6,338.5,153.0,340.5,751.0,203.0,528.0
CC110108004500,2020-05-01,11,385.67,338.5,153.0,340.5,751.0,203.0,528.0,245.0
CC110108004500,2020-06-01,12,370.08,153.0,340.5,751.0,203.0,528.0,245.0,674.0
CC110108004500,2020-07-01,1,456.92,340.5,751.0,203.0,528.0,245.0,674.0,907.0
CC110210002800,2013-05-01,11,40.42,47.0,49.0,0.0,50.5,0.0,96.0,143.5
CC110210002800,2013-06-01,12,56.5,49.0,0.0,50.5,0.0,96.0,143.5,49.0
CC110210002800,2013-07-01,1,56.5,0.0,50.5,0.0,96.0,143.5,49.0,147.0
CC110210002800,2013-08-01,2,81.0,50.5,0.0,96.0,143.5,49.0,147.0,59.5
CC110210002800,2013-09-01,3,82.5,0.0,96.0,143.5,49.0,147.0,59.5,87.5
CC110210002800,2013-10-01,4,97.08,96.0,143.5,49.0,147.0,59.5,87.5,0.0
CC110210002800,2013-11-01,5,81.08,143.5,49.0,147.0,59.5,87.5,0.0,0.0
CC110210002800,2013-12-01,6,57.17,49.0,147.0,59.5,87.5,0.0,0.0,148.0
CC110210002800,2014-01-01,7,73.67,147.0,59.5,87.5,0.0,0.0,148.0,0.0
CC110210002800,2014-02-01,8,49.17,59.5,87.5,0.0,0.0,148.0,0.0,25.380000000000003
CC110210002800,2014-03-01,9,43.48,87.5,0.0,0.0,148.0,0.0,25.380000000000003,40.11
CC110210002800,2014-04-01,10,35.58,0.0,0.0,148.0,0.0,25.380000000000003,40.11,268.01
CC110210002800,2014-05-01,11,80.25,0.0,148.0,0.0,25.380000000000003,40.11,268.01,0.0
CC110210002800,2014-06-01,12,80.25,148.0,0.0,25.380000000000003,40.11,268.01,0.0,0.0
CC110210002800,2014-07-01,1,55.58,0.0,25.380000000000003,40.11,268.01,0.0,0.0,144.0
CC110210002800,2014-08-01,2,79.58,25.380000000000003,40.11,268.01,0.0,0.0,144.0,18.1
CC110210002800,2014-09-01,3,78.37,40.11,268.01,0.0,0.0,144.0,18.1,65.9
CC110210002800,2014-10-01,4,82.67,268.01,0.0,0.0,144.0,18.1,65.9,1.0
CC110210002800,2014-11-01,5,38.17,0.0,0.0,144.0,18.1,65.9,1.0,15.0
CC110210002800,2014-12-01,6,40.67,0.0,144.0,18.1,65.9,1.0,15.0,3.0
CC110210002800,2015-01-01,7,41.17,144.0,18.1,65.9,1.0,15.0,3.0,63.0
CC110210002800,2015-02-01,8,27.67,18.1,65.9,1.0,15.0,3.0,63.0,209.0
CC110210002800,2015-03-01,9,59.48,65.9,1.0,15.0,3.0,63.0,209.0,0.0
CC110210002800,2015-04-01,10,48.5,1.0,15.0,3.0,63.0,209.0,0.0,1.0
CC110210002800,2015-05-01,11,48.5,15.0,3.0,63.0,209.0,0.0,1.0,94.77
CC110210002800,2015-06-01,12,61.79,3.0,63.0,209.0,0.0,1.0,94.77,9.73
CC110210002800,2015-07-01,1,62.92,63.0,209.0,0.0,1.0,94.77,9.73,367.5
CC110210002800,2015-08-01,2,113.67,209.0,0.0,1.0,94.77,9.73,367.5,47.0
CC110210002800,2015-09-01,3,86.67,0.0,1.0,94.77,9.73,367.5,47.0,65.6
CC110210002800,2015-10-01,4,97.6,1.0,94.77,9.73,367.5,47.0,65.6,87.5
CC110210002800,2015-11-01,5,112.02,94.77,9.73,367.5,47.0,65.6,87.5,0.0
CC110210002800,2015-12-01,6,96.22,9.73,367.5,47.0,65.6,87.5,0.0,0.0
CC110210002800,2016-01-01,7,94.6,367.5,47.0,65.6,87.5,0.0,0.0,5.4
CC110210002800,2016-02-01,8,34.25,47.0,65.6,87.5,0.0,0.0,5.4,158.0
CC110210002800,2016-03-01,9,52.75,65.6,87.5,0.0,0.0,5.4,158.0,0.0
CC110210002800,2016-04-01,10,41.82,87.5,0.0,0.0,5.4,158.0,0.0,67.5
CC110210002800,2016-05-01,11,38.48,0.0,0.0,5.4,158.0,0.0,67.5,0.0
CC110210002800,2016-06-01,12,38.48,0.0,5.4,158.0,0.0,67.5,0.0,162.0
CC110210002800,2016-07-01,1,65.48,5.4,158.0,0.0,67.5,0.0,162.0,89.0
CC110210002800,2016-08-01,2,79.42,158.0,0.0,67.5,0.0,162.0,89.0,72.0
CC110210002800,2016-09-01,3,65.08,0.0,67.5,0.0,162.0,89.0,72.0,20.0
CC110210002800,2016-10-01,4,68.42,67.5,0.0,162.0,89.0,72.0,20.0,7.0
CC110210002800,2016-11-01,5,58.33,0.0,162.0,89.0,72.0,20.0,7.0,185.0
CC110210002800,2016-12-01,6,89.17,162.0,89.0,72.0,20.0,7.0,185.0,126.0
CC110210002800,2017-01-01,7,83.17,89.0,72.0,20.0,7.0,185.0,126.0,255.5
CC110210002800,2017-02-01,8,110.92,72.0,20.0,7.0,185.0,126.0,255.5,616.1
CC110210002800,2017-03-01,9,201.6,20.0,7.0,185.0,126.0,255.5,616.1,303.0
CC110210002800,2017-04-01,10,248.77,7.0,185.0,126.0,255.5,616.1,303.0,190.0
CC110210002800,2017-05-01,11,279.27,185.0,126.0,255.5,616.1,303.0,190.0,161.0
CC110210002800,2017-06-01,12,275.27,126.0,255.5,616.1,303.0,190.0,161.0,441.5
CC110210002800,2017-07-01,1,327.85,255.5,616.1,303.0,190.0,161.0,441.5,334.5
CC110210002800,2017-08-01,2,341.02,616.1,303.0,190.0,161.0,441.5,334.5,49.5
CC110210002800,2017-09-01,3,246.58,303.0,190.0,161.0,441.5,334.5,49.5,587.5
CC110210002800,2017-10-01,4,294.0,190.0,161.0,441.5,334.5,49.5,587.5,0.0
CC110210002800,2017-11-01,5,262.33,161.0,441.5,334.5,49.5,587.5,0.0,478.70000000000005
CC110210002800,2017-12-01,6,315.28,441.5,334.5,49.5,587.5,0.0,478.70000000000005,9.8
CC110210002800,2018-01-01,7,243.33,334.5,49.5,587.5,0.0,478.70000000000005,9.8,152.8
CC110210002800,2018-02-01,8,213.05,49.5,587.5,0.0,478.70000000000005,9.8,152.8,564.5999999999999
CC110210002800,2018-03-01,9,298.9,587.5,0.0,478.70000000000005,9.8,152.8,564.5999999999999,0.0
CC110210002800,2018-04-01,10,200.98,0.0,478.70000000000005,9.8,152.8,564.5999999999999,0.0,0.0
CC110210002800,2018-05-01,11,200.98,478.70000000000005,9.8,152.8,564.5999999999999,0.0,0.0,1.9
CC110210002800,2018-06-01,12,121.52,9.8,152.8,564.5999999999999,0.0,0.0,1.9,0.0
CC110210002800,2018-07-01,1,119.88,152.8,564.5999999999999,0.0,0.0,1.9,0.0,17.299999999999997
CC110210002800,2018-08-01,2,97.3,564.5999999999999,0.0,0.0,1.9,0.0,17.299999999999997,356.5
CC110210002800,2018-09-01,3,62.62,0.0,0.0,1.9,0.0,17.299999999999997,356.5,0.0
CC110210002800,2018-10-01,4,62.62,0.0,1.9,0.0,17.299999999999997,356.5,0.0,96.0
CC110210002800,2018-11-01,5,78.62,1.9,0.0,17.299999999999997,356.5,0.0,96.0,356.0
CC110210002800,2018-12-01,6,137.63,0.0,17.299999999999997,356.5,0.0,96.0,356.0,120.0
CC110210002800,2019-01-01,7,157.63,17.299999999999997,356.5,0.0,96.0,356.0,120.0,269.0
CC110210002800,2019-02-01,8,199.58,356.5,0.0,96.0,356.0,120.0,269.0,420.5
CC110210002800,2019-03-01,9,210.25,0.0,96.0,356.0,120.0,269.0,420.5,414.5
CC110210002800,2019-04-01,10,279.33,96.0,356.0,120.0,269.0,420.5,414.5,687.5
CC110210002800,2019-05-01,11,377.92,356.0,120.0,269.0,420.5,414.5,687.5,658.5
CC110210002800,2019-06-01,12,428.33,120.0,269.0,420.5,414.5,687.5,658.5,431.0
CC110210002800,2019-07-01,1,480.17,269.0,420.5,414.5,687.5,658.5,431.0,146.5
CC110210002800,2019-08-01,2,459.75,420.5,414.5,687.5,658.5,431.0,146.5,634.0
CC110210002800,2019-09-01,3,495.33,414.5,687.5,658.5,431.0,146.5,634.0,294.0
CC110210002800,2019-10-01,4,475.25,687.5,658.5,431.0,146.5,634.0,294.0,757.5
CC110210002800,2019-11-01,5,486.92,658.5,431.0,146.5,634.0,294.0,757.5,280.0
CC110210002800,2019-12-01,6,423.83,431.0,146.5,634.0,294.0,757.5,280.0,388.0
CC110210002800,2020-01-01,7,416.67,146.5,634.0,294.0,757.5,280.0,388.0,440.0
CC110210002800,2020-02-01,8,465.58,634.0,294.0,757.5,280.0,388.0,440.0,260.0
CC110210002800,2020-03-01,9,403.25,294.0,757.5,280.0,388.0,440.0,260.0,480.0
CC110210002800,2020-04-01,10,434.25,757.5,280.0,388.0,440.0,260.0,480.0,548.0
CC110210002800,2020-05-01,11,399.33,280.0,388.0,440.0,260.0,480.0,548.0,1101.0
CC110210002800,2020-06-01,12,536.17,388.0,440.0,260.0,480.0,548.0,1101.0,0.0
CC110208001800,2013-06-01,12,91.58,180.0,0.0,46.0,184.0,0.0,139.5,0.0
CC110208001800,2013-07-01,1,61.58,0.0,46.0,184.0,0.0,139.5,0.0,138.0
CC110208001800,2013-08-01,2,84.58,46.0,184.0,0.0,139.5,0.0,138.0,139.0
CC110208001800,2013-09-01,3,100.08,184.0,0.0,139.5,0.0,138.0,139.0,210.0
CC110208001800,2013-10-01,4,104.42,0.0,139.5,0.0,138.0,139.0,210.0,84.0
CC110208001800,2013-11-01,5,118.42,139.5,0.0,138.0,139.0,210.0,84.0,270.5
CC110208001800,2013-12-01,6,140.25,0.0,138.0,139.0,210.0,84.0,270.5,166.0
CC110208001800,2014-01-01,7,167.92,138.0,139.0,210.0,84.0,270.5,166.0,13.5
CC110208001800,2014-02-01,8,147.17,139.0,210.0,84.0,270.5,166.0,13.5,111.0
CC110208001800,2014-03-01,9,142.5,210.0,84.0,270.5,166.0,13.5,111.0,0.0
CC110208001800,2014-04-01,10,107.5,84.0,270.5,166.0,13.5,111.0,0.0,138.0
CC110208001800,2014-05-01,11,116.5,270.5,166.0,13.5,111.0,0.0,138.0,168.5
CC110208001800,2014-06-01,12,99.5,166.0,13.5,111.0,0.0,138.0,168.5,129.582
CC110208001800,2014-07-01,1,93.43,13.5,111.0,0.0,138.0,168.5,129.582,68.5
CC110208001800,2014-08-01,2,102.6,111.0,0.0,138.0,168.5,129.582,68.5,133.418
CC110208001800,2014-09-01,3,106.33,0.0,138.0,168.5,129.582,68.5,133.418,140.5
CC110208001800,2014-10-01,4,129.75,138.0,168.5,129.582,68.5,133.418,140.5,1.0
CC110208001800,2014-11-01,5,106.92,168.5,129.582,68.5,133.418,140.5,1.0,0.0
CC110208001800,2014-12-01,6,78.83,129.582,68.5,133.418,140.5,1.0,0.0,60.0
CC110208001800,2015-01-01,7,67.24,68.5,133.418,140.5,1.0,0.0,60.0,22.0
CC110208001800,2015-02-01,8,59.49,133.418,140.5,1.0,0.0,60.0,22.0,119.5
CC110208001800,2015-03-01,9,57.17,140.5,1.0,0.0,60.0,22.0,119.5,203.5
CC110208001800,2015-04-01,10,67.67,1.0,0.0,60.0,22.0,119.5,203.5,100.0
CC110208001800,2015-05-01,11,84.17,0.0,60.0,22.0,119.5,203.5,100.0,178.5
CC110208001800,2015-06-01,12,113.92,60.0,22.0,119.5,203.5,100.0,178.5,178.0
CC110208001800,2015-07-01,1,133.58,22.0,119.5,203.5,100.0,178.5,178.0,9.0
CC110208001800,2015-08-01,2,131.42,119.5,203.5,100.0,178.5,178.0,9.0,331.5
CC110208001800,2015-09-01,3,166.75,203.5,100.0,178.5,178.0,9.0,331.5,16.0
CC110208001800,2015-10-01,4,135.5,100.0,178.5,178.0,9.0,331.5,16.0,304.0
CC110208001800,2015-11-01,5,169.5,178.5,178.0,9.0,331.5,16.0,304.0,145.0
CC110208001800,2015-12-01,6,163.92,178.0,9.0,331.5,16.0,304.0,145.0,64.5
CC110208001800,2016-01-01,7,145.0,9.0,331.5,16.0,304.0,145.0,64.5,6.5
CC110208001800,2016-02-01,8,144.58,331.5,16.0,304.0,145.0,64.5,6.5,153.0
CC110208001800,2016-03-01,9,114.83,16.0,304.0,145.0,64.5,6.5,153.0,0.0
CC110208001800,2016-04-01,10,112.17,304.0,145.0,64.5,6.5,153.0,0.0,360.0
CC110208001800,2016-05-01,11,121.5,145.0,64.5,6.5,153.0,0.0,360.0,220.0
CC110208001800,2016-06-01,12,134.0,64.5,6.5,153.0,0.0,360.0,220.0,0.0
CC110208001800,2016-07-01,1,123.25,6.5,153.0,0.0,360.0,220.0,0.0,837.6
CC110208001800,2016-08-01,2,261.77,153.0,0.0,360.0,220.0,0.0,837.6,21.0
CC110208001800,2016-09-01,3,239.77,0.0,360.0,220.0,0.0,837.6,21.0,30.0
CC110208001800,2016-10-01,4,244.77,360.0,220.0,0.0,837.6,21.0,30.0,216.0
CC110208001800,2016-11-01,5,220.77,220.0,0.0,837.6,21.0,30.0,216.0,381.0
CC110208001800,2016-12-01,6,247.6,0.0,837.6,21.0,30.0,216.0,381.0,620.0
CC110208001800,2017-01-01,7,350.93,837.6,21.0,30.0,216.0,381.0,620.0,13.0
CC110208001800,2017-02-01,8,213.5,21.0,30.0,216.0,381.0,620.0,13.0,290.0
CC110208001800,2017-03-01,9,258.33,30.0,216.0,381.0,620.0,13.0,290.0,411.5
CC110208001800,2017-04-01,10,321.92,216.0,381.0,620.0,13.0,290.0,411.5,45.0
CC110208001800,2017-05-01,11,293.42,381.0,620.0,13.0,290.0,411.5,45.0,1.0
CC110208001800,2017-06-01,12,230.08,620.0,13.0,290.0,411.5,45.0,1.0,422.5
CC110208001800,2017-07-01,1,197.17,13.0,290.0,411.5,45.0,1.0,422.5,41.0
CC110208001800,2017-08-01,2,201.83,290.0,411.5,45.0,1.0,422.5,41.0,43.5
CC110208001800,2017-09-01,3,160.75,411.5,45.0,1.0,422.5,41.0,43.5,0.0
CC110208001800,2017-10-01,4,92.17,45.0,1.0,422.5,41.0,43.5,0.0,68.0
CC110208001800,2017-11-01,5,96.0,1.0,422.5,41.0,43.5,0.0,68.0,529.2
CC110208001800,2017-12-01,6,184.03,422.5,41.0,43.5,0.0,68.0,529.2,0.0
CC110208001800,2018-01-01,7,113.62,41.0,43.5,0.0,68.0,529.2,0.0,481.0
CC110208001800,2018-02-01,8,186.95,43.5,0.0,68.0,529.2,0.0,481.0,0.0
CC110208001800,2018-03-01,9,179.7,0.0,68.0,529.2,0.0,481.0,0.0,10.0
CC110208001800,2018-04-01,10,181.37,68.0,529.2,0.0,481.0,0.0,10.0,3.8
CC110208001800,2018-05-01,11,170.67,529.2,0.0,481.0,0.0,10.0,3.8,178.5
CC110208001800,2018-06-01,12,112.22,0.0,481.0,0.0,10.0,3.8,178.5,62.0
CC110208001800,2018-07-01,1,122.55,481.0,0.0,10.0,3.8,178.5,62.0,189.2
CC110208001800,2018-08-01,2,73.92,0.0,10.0,3.8,178.5,62.0,189.2,0.0
CC110208001800,2018-09-01,3,73.92,10.0,3.8,178.5,62.0,189.2,0.0,89.0
CC110208001800,2018-10-01,4,87.08,3.8,178.5,62.0,189.2,0.0,89.0,96.0
CC110208001800,2018-11-01,5,102.45,178.5,62.0,189.2,0.0,89.0,96.0,67.4
CC110208001800,2018-12-01,6,83.93,62.0,189.2,0.0,89.0,96.0,67.4,0.0
CC110208001800,2019-01-01,7,73.6,189.2,0.0,89.0,96.0,67.4,0.0,56.4
CC110208001800,2019-02-01,8,51.47,0.0,89.0,96.0,67.4,0.0,56.4,68.1
CC110208001800,2019-03-01,9,62.82,89.0,96.0,67.4,0.0,56.4,68.1,149.7
CC110208001800,2019-04-01,10,72.93,96.0,67.4,0.0,56.4,68.1,149.7,0.0
CC110208001800,2019-05-01,11,56.93,67.4,0.0,56.4,68.1,149.7,0.0,243.0
CC110208001800,2019-06-01,12,86.2,0.0,56.4,68.1,149.7,0.0,243.0,106.2
CC110208001800,2019-07-01,1,103.9,56.4,68.1,149.7,0.0,243.0,106.2,0.0
CC110208001800,2019-08-01,2,94.5,68.1,149.7,0.0,243.0,106.2,0.0,0.0
CC110208001800,2019-09-01,3,83.15,149.7,0.0,243.0,106.2,0.0,0.0,93.0
CC110208001800,2019-10-01,4,73.7,0.0,243.0,106.2,0.0,0.0,93.0,275.2
CC110208001800,2019-11-01,5,119.57,243.0,106.2,0.0,0.0,93.0,275.2,0.0
CC110208001800,2019-12-01,6,79.07,106.2,0.0,0.0,93.0,275.2,0.0,82.0
CC110208001800,2020-01-01,7,75.03,0.0,0.0,93.0,275.2,0.0,82.0,0.0
CC110208001800,2020-02-01,8,75.03,0.0,93.0,275.2,0.0,82.0,0.0,304.0
CC110208001800,2020-03-01,9,125.7,93.0,275.2,0.0,82.0,0.0,304.0,14.5
CC110208001800,2020-04-01,10,112.62,275.2,0.0,82.0,0.0,304.0,14.5,0.0
CC110208001800,2020-05-01,11,66.75,0.0,82.0,0.0,304.0,14.5,0.0,404.0
CC110208001800,2020-06-01,12,134.08,82.0,0.0,304.0,14.5,0.0,404.0,281.5
CC110208001800,2020-07-01,1,167.33,0.0,304.0,14.5,0.0,404.0,281.5,45.0
CC110108004300,2013-05-01,11,299.5,458.0,0.0,615.0,349.0,38.5,336.5,0.0
CC110108004300,2013-06-01,12,223.17,0.0,615.0,349.0,38.5,336.5,0.0,294.5
CC110108004300,2013-07-01,1,272.25,615.0,349.0,38.5,336.5,0.0,294.5,125.5
CC110108004300,2013-08-01,2,190.67,349.0,38.5,336.5,0.0,294.5,125.5,376.5
CC110108004300,2013-09-01,3,195.25,38.5,336.5,0.0,294.5,125.5,376.5,254.0
CC110108004300,2013-10-01,4,231.17,336.5,0.0,294.5,125.5,376.5,254.0,496.0
CC110108004300,2013-11-01,5,257.75,0.0,294.5,125.5,376.5,254.0,496.0,246.0
CC110108004300,2013-12-01,6,298.75,294.5,125.5,376.5,254.0,496.0,246.0,205.0
CC110108004300,2014-01-01,7,283.83,125.5,376.5,254.0,496.0,246.0,205.0,553.0
CC110108004300,2014-02-01,8,355.08,376.5,254.0,496.0,246.0,205.0,553.0,0.0
CC110108004300,2014-03-01,9,292.33,254.0,496.0,246.0,205.0,553.0,0.0,245.0
CC110108004300,2014-04-01,10,290.83,496.0,246.0,205.0,553.0,0.0,245.0,78.5
CC110108004300,2014-05-01,11,221.25,246.0,205.0,553.0,0.0,245.0,78.5,180.0
CC110108004300,2014-06-01,12,210.25,205.0,553.0,0.0,245.0,78.5,180.0,211.5
CC110108004300,2014-07-01,1,211.33,553.0,0.0,245.0,78.5,180.0,211.5,331.3
CC110108004300,2014-08-01,2,174.38,0.0,245.0,78.5,180.0,211.5,331.3,247.0
CC110108004300,2014-09-01,3,215.55,245.0,78.5,180.0,211.5,331.3,247.0,223.2
CC110108004300,2014-10-01,4,211.92,78.5,180.0,211.5,331.3,247.0,223.2,177.0
CC110108004300,2014-11-01,5,228.33,180.0,211.5,331.3,247.0,223.2,177.0,0.0
CC110108004300,2014-12-01,6,198.33,211.5,331.3,247.0,223.2,177.0,0.0,1.5
CC110108004300,2015-01-01,7,163.33,331.3,247.0,223.2,177.0,0.0,1.5,0.0
CC110108004300,2015-02-01,8,108.12,247.0,223.2,177.0,0.0,1.5,0.0,0.0
CC110108004300,2015-03-01,9,66.95,223.2,177.0,0.0,1.5,0.0,0.0,29.0
CC110108004300,2015-04-01,10,34.58,177.0,0.0,1.5,0.0,0.0,29.0,204.0
CC110108004300,2015-05-01,11,39.08,0.0,1.5,0.0,0.0,29.0,204.0,62.5
CC110108004300,2015-06-01,12,49.5,1.5,0.0,0.0,29.0,204.0,62.5,129.5
CC110108004300,2015-07-01,1,70.83,0.0,0.0,29.0,204.0,62.5,129.5,85.0
CC110108004300,2015-08-01,2,85.0,0.0,29.0,204.0,62.5,129.5,85.0,181.0
CC110108004300,2015-09-01,3,115.17,29.0,204.0,62.5,129.5,85.0,181.0,169.0
CC110108004300,2015-10-01,4,138.5,204.0,62.5,129.5,85.0,181.0,169.0,62.0
CC110108004300,2015-11-01,5,114.83,62.5,129.5,85.0,181.0,169.0,62.0,242.5
CC110108004300,2015-12-01,6,144.83,129.5,85.0,181.0,169.0,62.0,242.5,111.5
CC110108004300,2016-01-01,7,141.83,85.0,181.0,169.0,62.0,242.5,111.5,117.5
CC110108004300,2016-02-01,8,147.25,181.0,169.0,62.0,242.5,111.5,117.5,53.0
CC110108004300,2016-03-01,9,125.92,169.0,62.0,242.5,111.5,117.5,53.0,252.0
CC110108004300,2016-04-01,10,139.75,62.0,242.5,111.5,117.5,53.0,252.0,192.0
CC110108004300,2016-05-01,11,161.42,242.5,111.5,117.5,53.0,252.0,192.0,129.0
CC110108004300,2016-06-01,12,142.5,111.5,117.5,53.0,252.0,192.0,129.0,145.0
CC110108004300,2016-07-01,1,148.08,117.5,53.0,252.0,192.0,129.0,145.0,0.0
CC110108004300,2016-08-01,2,128.5,53.0,252.0,192.0,129.0,145.0,0.0,656.0
CC110108004300,2016-09-01,3,229.0,252.0,192.0,129.0,145.0,0.0,656.0,0.0
CC110108004300,2016-10-01,4,187.0,192.0,129.0,145.0,0.0,656.0,0.0,0.0
CC110108004300,2016-11-01,5,155.0,129.0,145.0,0.0,656.0,0.0,0.0,0.0
CC110108004300,2016-12-01,6,133.5,145.0,0.0,656.0,0.0,0.0,0.0,768.0
CC110108004300,2017-01-01,7,237.33,0.0,656.0,0.0,0.0,0.0,768.0,26.0
CC110108004300,2017-02-01,8,241.67,656.0,0.0,0.0,0.0,768.0,26.0,0.0
CC110108004300,2017-03-01,9,132.33,0.0,0.0,0.0,768.0,26.0,0.0,0.0
CC110108004300,2017-04-01,10,132.33,0.0,0.0,768.0,26.0,0.0,0.0,0.0
CC110108004300,2017-05-01,11,132.33,0.0,768.0,26.0,0.0,0.0,0.0,489.0
CC110108004300,2017-06-01,12,213.83,768.0,26.0,0.0,0.0,0.0,489.0,288.0
CC110108004300,2017-07-01,1,133.83,26.0,0.0,0.0,0.0,489.0,288.0,109.5
CC110108004300,2017-08-01,2,147.75,0.0,0.0,0.0,489.0,288.0,109.5,131.5
CC110108004300,2017-09-01,3,169.67,0.0,0.0,489.0,288.0,109.5,131.5,258.5
CC110108004300,2017-10-01,4,212.75,0.0,489.0,288.0,109.5,131.5,258.5,98.0
CC110108004300,2017-11-01,5,229.08,489.0,288.0,109.5,131.5,258.5,98.0,611.7
CC110108004300,2017-12-01,6,249.53,288.0,109.5,131.5,258.5,98.0,611.7,593.0
CC110108004300,2018-01-01,7,300.37,109.5,131.5,258.5,98.0,611.7,593.0,13.4
CC110108004300,2018-02-01,8,284.35,131.5,258.5,98.0,611.7,593.0,13.4,0.0
CC110108004300,2018-03-01,9,262.43,258.5,98.0,611.7,593.0,13.4,0.0,6.0
CC110108004300,2018-04-01,10,220.35,98.0,611.7,593.0,13.4,0.0,6.0,86.3
CC110108004300,2018-05-01,11,218.4,611.7,593.0,13.4,0.0,6.0,86.3,251.8
CC110108004300,2018-06-01,12,158.42,593.0,13.4,0.0,6.0,86.3,251.8,106.0
CC110108004300,2018-07-01,1,77.25,13.4,0.0,6.0,86.3,251.8,106.0,451.8
CC110108004300,2018-08-01,2,150.32,0.0,6.0,86.3,251.8,106.0,451.8,0.0
CC110108004300,2018-09-01,3,150.32,6.0,86.3,251.8,106.0,451.8,0.0,43.0
CC110108004300,2018-10-01,4,156.48,86.3,251.8,106.0,451.8,0.0,43.0,150.8
CC110108004300,2018-11-01,5,167.23,251.8,106.0,451.8,0.0,43.0,150.8,255.79999999999998
CC110108004300,2018-12-01,6,167.9,106.0,451.8,0.0,43.0,150.8,255.79999999999998,0.0
CC110108004300,2019-01-01,7,150.23,451.8,0.0,43.0,150.8,255.79999999999998,0.0,206.0
CC110108004300,2019-02-01,8,109.27,0.0,43.0,150.8,255.79999999999998,0.0,206.0,927.6449999999999
CC110108004300,2019-03-01,9,263.87,43.0,150.8,255.79999999999998,0.0,206.0,927.6449999999999,0.0
CC110108004300,2019-04-01,10,256.71,150.8,255.79999999999998,0.0,206.0,927.6449999999999,0.0,521.455
CC110108004300,2019-05-01,11,318.48,255.79999999999998,0.0,206.0,927.6449999999999,0.0,521.455,142.8
CC110108004300,2019-06-01,12,299.65,0.0,206.0,927.6449999999999,0.0,521.455,142.8,122.1
CC110108004300,2019-07-01,1,320.0,206.0,927.6449999999999,0.0,521.455,142.8,122.1,198.5
CC110108004300,2019-08-01,2,318.75,927.6449999999999,0.0,521.455,142.8,122.1,198.5,0.0
CC110108004300,2019-09-01,3,164.14,0.0,521.455,142.8,122.1,198.5,0.0,0.0
CC110108004300,2019-10-01,4,164.14,521.455,142.8,122.1,198.5,0.0,0.0,359.0
CC110108004300,2019-11-01,5,137.07,142.8,122.1,198.5,0.0,0.0,359.0,551.9999999999999
CC110108004300,2019-12-01,6,205.27,122.1,198.5,0.0,0.0,359.0,551.9999999999999,690.0
CC110108004300,2020-01-01,7,299.92,198.5,0.0,0.0,359.0,551.9999999999999,690.0,0.0
CC110108004300,2020-02-01,8,266.83,0.0,0.0,359.0,551.9999999999999,690.0,0.0,0.0
CC110108004300,2020-03-01,9,266.83,0.0,359.0,551.9999999999999,690.0,0.0,0.0,146.5
CC110108004300,2020-04-01,10,291.25,359.0,551.9999999999999,690.0,0.0,0.0,146.5,440.5
CC110108004300,2020-05-01,11,304.83,551.9999999999999,690.0,0.0,0.0,146.5,440.5,627.0
CC110108004300,2020-06-01,12,317.33,690.0,0.0,0.0,146.5,440.5,627.0,180.0
CC110108004300,2020-07-01,1,232.33,0.0,0.0,146.5,440.5,627.0,180.0,146.0
CC110105002300,2013-06-01,12,480.5,392.0,158.0,711.0,0.0,1173.5,448.5,663.0
CC110105002300,2013-07-01,1,525.67,158.0,711.0,0.0,1173.5,448.5,663.0,117.0
CC110105002300,2013-08-01,2,518.83,711.0,0.0,1173.5,448.5,663.0,117.0,0.0
CC110105002300,2013-09-01,3,400.33,0.0,1173.5,448.5,663.0,117.0,0.0,292.5
CC110105002300,2013-10-01,4,449.08,1173.5,448.5,663.0,117.0,0.0,292.5,0.0
CC110105002300,2013-11-01,5,253.5,448.5,663.0,117.0,0.0,292.5,0.0,4.5
CC110105002300,2013-12-01,6,179.5,663.0,117.0,0.0,292.5,0.0,4.5,0.0
CC110105002300,2014-01-01,7,69.0,117.0,0.0,292.5,0.0,4.5,0.0,171.0
CC110105002300,2014-02-01,8,78.0,0.0,292.5,0.0,4.5,0.0,171.0,545.5
CC110105002300,2014-03-01,9,168.92,292.5,0.0,4.5,0.0,171.0,545.5,41.0
CC110105002300,2014-04-01,10,127.0,0.0,4.5,0.0,171.0,545.5,41.0,8.5
CC110105002300,2014-05-01,11,128.42,4.5,0.0,171.0,545.5,41.0,8.5,284.5
CC110105002300,2014-06-01,12,175.08,0.0,171.0,545.5,41.0,8.5,284.5,303.0
CC110105002300,2014-07-01,1,225.58,171.0,545.5,41.0,8.5,284.5,303.0,0.0
CC110105002300,2014-08-01,2,197.08,545.5,41.0,8.5,284.5,303.0,0.0,0.0
CC110105002300,2014-09-01,3,106.17,41.0,8.5,284.5,303.0,0.0,0.0,259.5
CC110105002300,2014-10-01,4,142.58,8.5,284.5,303.0,0.0,0.0,259.5,0.0
CC110105002300,2014-11-01,5,141.17,284.5,303.0,0.0,0.0,259.5,0.0,0.0
CC110105002300,2014-12-01,6,93.75,303.0,0.0,0.0,259.5,0.0,0.0,88.0
CC110105002300,2015-01-01,7,57.92,0.0,0.0,259.5,0.0,0.0,88.0,332.0
CC110105002300,2015-02-01,8,113.25,0.0,259.5,0.0,0.0,88.0,332.0,103.0
CC110105002300,2015-03-01,9,130.42,259.5,0.0,0.0,88.0,332.0,103.0,349.0
CC110105002300,2015-04-01,10,145.33,0.0,0.0,88.0,332.0,103.0,349.0,553.73
CC110105002300,2015-05-01,11,237.62,0.0,88.0,332.0,103.0,349.0,553.73,196.0
CC110105002300,2015-06-01,12,270.29,88.0,332.0,103.0,349.0,553.73,196.0,97.27000000000001
CC110105002300,2015-07-01,1,271.83,332.0,103.0,349.0,553.73,196.0,97.27000000000001,465.5
CC110105002300,2015-08-01,2,294.08,103.0,349.0,553.73,196.0,97.27000000000001,465.5,0.0
CC110105002300,2015-09-01,3,276.92,349.0,553.73,196.0,97.27000000000001,465.5,0.0,236.0
CC110105002300,2015-10-01,4,258.08,553.73,196.0,97.27000000000001,465.5,0.0,236.0,22.5
CC110105002300,2015-11-01,5,169.54,196.0,97.27000000000001,465.5,0.0,236.0,22.5,198.0
CC110105002300,2015-12-01,6,169.88,97.27000000000001,465.5,0.0,236.0,22.5,198.0,13.5
CC110105002300,2016-01-01,7,155.92,465.5,0.0,236.0,22.5,198.0,13.5,469.0
CC110105002300,2016-02-01,8,156.5,0.0,236.0,22.5,198.0,13.5,469.0,9.5
CC110105002300,2016-03-01,9,158.08,236.0,22.5,198.0,13.5,469.0,9.5,1076.0
CC110105002300,2016-04-01,10,298.08,22.5,198.0,13.5,469.0,9.5,1076.0,4.0
CC110105002300,2016-05-01,11,295.0,198.0,13.5,469.0,9.5,1076.0,4.0,1055.5
CC110105002300,2016-06-01,12,437.92,13.5,469.0,9.5,1076.0,4.0,1055.5,932.5
CC110105002300,2016-07-01,1,591.08,469.0,9.5,1076.0,4.0,1055.5,932.5,71.5
CC110105002300,2016-08-01,2,524.83,9.5,1076.0,4.0,1055.5,932.5,71.5,45.0
CC110105002300,2016-09-01,3,530.75,1076.0,4.0,1055.5,932.5,71.5,45.0,0.0
CC110105002300,2016-10-01,4,351.42,4.0,1055.5,932.5,71.5,45.0,0.0,0.0
CC110105002300,2016-11-01,5,350.75,1055.5,932.5,71.5,45.0,0.0,0.0,0.0
CC110105002300,2016-12-01,6,174.83,932.5,71.5,45.0,0.0,0.0,0.0,25.0
CC110105002300,2017-01-01,7,23.58,71.5,45.0,0.0,0.0,0.0,25.0,0.0
CC110105002300,2017-02-01,8,11.67,45.0,0.0,0.0,0.0,25.0,0.0,288.0
CC110105002300,2017-03-01,9,52.17,0.0,0.0,0.0,25.0,0.0,288.0,571.5
CC110105002300,2017-04-01,10,147.42,0.0,0.0,25.0,0.0,288.0,571.5,0.0
CC110105002300,2017-05-01,11,147.42,0.0,25.0,0.0,288.0,571.5,0.0,178.0
CC110105002300,2017-06-01,12,177.08,25.0,0.0,288.0,571.5,0.0,178.0,592.0
CC110105002300,2017-07-01,1,271.58,0.0,288.0,571.5,0.0,178.0,592.0,348.0
CC110105002300,2017-08-01,2,329.58,288.0,571.5,0.0,178.0,592.0,348.0,116.0
CC110105002300,2017-09-01,3,300.92,571.5,0.0,178.0,592.0,348.0,116.0,52.5
CC110105002300,2017-10-01,4,214.42,0.0,178.0,592.0,348.0,116.0,52.5,0.0
CC110105002300,2017-11-01,5,214.42,178.0,592.0,348.0,116.0,52.5,0.0,233.4
CC110105002300,2017-12-01,6,223.65,592.0,348.0,116.0,52.5,0.0,233.4,147.0
CC110105002300,2018-01-01,7,149.48,348.0,116.0,52.5,0.0,233.4,147.0,113.0
CC110105002300,2018-02-01,8,110.32,116.0,52.5,0.0,233.4,147.0,113.0,13.0
CC110105002300,2018-03-01,9,93.15,52.5,0.0,233.4,147.0,113.0,13.0,685.3
CC110105002300,2018-04-01,10,198.62,0.0,233.4,147.0,113.0,13.0,685.3,270.3
CC110105002300,2018-05-01,11,243.67,233.4,147.0,113.0,13.0,685.3,270.3,640.2
CC110105002300,2018-06-01,12,311.47,147.0,113.0,13.0,685.3,270.3,640.2,282.0
CC110105002300,2018-07-01,1,333.97,113.0,13.0,685.3,270.3,640.2,282.0,17.0
CC110105002300,2018-08-01,2,317.97,13.0,685.3,270.3,640.2,282.0,17.0,650.7
CC110105002300,2018-09-01,3,424.25,685.3,270.3,640.2,282.0,17.0,650.7,322.9
CC110105002300,2018-10-01,4,363.85,270.3,640.2,282.0,17.0,650.7,322.9,0.0
CC110105002300,2018-11-01,5,318.8,640.2,282.0,17.0,650.7,322.9,0.0,0.0
CC110105002300,2018-12-01,6,212.1,282.0,17.0,650.7,322.9,0.0,0.0,347.6
CC110105002300,2019-01-01,7,223.03,17.0,650.7,322.9,0.0,0.0,347.6,231.59999999999997
CC110105002300,2019-02-01,8,258.8,650.7,322.9,0.0,0.0,347.6,231.59999999999997,734.0
CC110105002300,2019-03-01,9,272.68,322.9,0.0,0.0,347.6,231.59999999999997,734.0,494.79999999999995
CC110105002300,2019-04-01,10,301.33,0.0,0.0,347.6,231.59999999999997,734.0,494.79999999999995,350.0
CC110105002300,2019-05-01,11,359.67,0.0,347.6,231.59999999999997,734.0,494.79999999999995,350.0,372.1
CC110105002300,2019-06-01,12,421.68,347.6,231.59999999999997,734.0,494.79999999999995,350.0,372.1,395.90000000000003
CC110105002300,2019-07-01,1,429.73,231.59999999999997,734.0,494.79999999999995,350.0,372.1,395.90000000000003,1132.1
CC110105002300,2019-08-01,2,579.82,734.0,494.79999999999995,350.0,372.1,395.90000000000003,1132.1,0.0
CC110105002300,2019-09-01,3,457.48,494.79999999999995,350.0,372.1,395.90000000000003,1132.1,0.0,378.0
CC110105002300,2019-10-01,4,438.02,350.0,372.1,395.90000000000003,1132.1,0.0,378.0,299.5
CC110105002300,2019-11-01,5,429.6,372.1,395.90000000000003,1132.1,0.0,378.0,299.5,30.0
CC110105002300,2019-12-01,6,372.58,395.90000000000003,1132.1,0.0,378.0,299.5,30.0,0.0
CC110105002300,2020-01-01,7,306.6,1132.1,0.0,378.0,299.5,30.0,0.0,5.5
CC110105002300,2020-02-01,8,118.83,0.0,378.0,299.5,30.0,0.0,5.5,4.0
CC110105002300,2020-03-01,9,119.5,378.0,299.5,30.0,0.0,5.5,4.0,733.0
CC110105002300,2020-04-01,10,178.67,299.5,30.0,0.0,5.5,4.0,733.0,245.0
CC110105002300,2020-05-01,11,169.58,30.0,0.0,5.5,4.0,733.0,245.0,767.0
CC110105002300,2020-06-01,12,292.42,0.0,5.5,4.0,733.0,245.0,767.0,0.0
CC110105002300,2020-07-01,1,292.42,5.5,4.0,733.0,245.0,767.0,0.0,71.5
CC110108002800,2013-05-01,11,214.17,70.0,403.5,113.5,576.0,80.5,41.5,253.0
CC110108002800,2013-06-01,12,244.67,403.5,113.5,576.0,80.5,41.5,253.0,743.0
CC110108002800,2013-07-01,1,301.25,113.5,576.0,80.5,41.5,253.0,743.0,0.0
CC110108002800,2013-08-01,2,282.33,576.0,80.5,41.5,253.0,743.0,0.0,0.0
CC110108002800,2013-09-01,3,186.33,80.5,41.5,253.0,743.0,0.0,0.0,263.0
CC110108002800,2013-10-01,4,216.75,41.5,253.0,743.0,0.0,0.0,263.0,437.5
CC110108002800,2013-11-01,5,282.75,253.0,743.0,0.0,0.0,263.0,437.5,617.5
CC110108002800,2013-12-01,6,343.5,743.0,0.0,0.0,263.0,437.5,617.5,42.5
CC110108002800,2014-01-01,7,226.75,0.0,0.0,263.0,437.5,617.5,42.5,532.5
CC110108002800,2014-02-01,8,315.5,0.0,263.0,437.5,617.5,42.5,532.5,686.5
CC110108002800,2014-03-01,9,429.92,263.0,437.5,617.5,42.5,532.5,686.5,312.0
CC110108002800,2014-04-01,10,438.08,437.5,617.5,42.5,532.5,686.5,312.0,265.0
CC110108002800,2014-05-01,11,409.33,617.5,42.5,532.5,686.5,312.0,265.0,374.0
CC110108002800,2014-06-01,12,368.75,42.5,532.5,686.5,312.0,265.0,374.0,1.335
CC110108002800,2014-07-01,1,361.89,532.5,686.5,312.0,265.0,374.0,1.335,720.6899999999999
CC110108002800,2014-08-01,2,393.25,686.5,312.0,265.0,374.0,1.335,720.6899999999999,23.475
CC110108002800,2014-09-01,3,282.75,312.0,265.0,374.0,1.335,720.6899999999999,23.475,538.0
CC110108002800,2014-10-01,4,320.42,265.0,374.0,1.335,720.6899999999999,23.475,538.0,298.0
CC110108002800,2014-11-01,5,325.92,374.0,1.335,720.6899999999999,23.475,538.0,298.0,360.0
CC110108002800,2014-12-01,6,323.58,1.335,720.6899999999999,23.475,538.0,298.0,360.0,555.5
CC110108002800,2015-01-01,7,415.94,720.6899999999999,23.475,538.0,298.0,360.0,555.5,58.5
CC110108002800,2015-02-01,8,305.58,23.475,538.0,298.0,360.0,555.5,58.5,94.0
CC110108002800,2015-03-01,9,317.33,538.0,298.0,360.0,555.5,58.5,94.0,46.5
CC110108002800,2015-04-01,10,235.42,298.0,360.0,555.5,58.5,94.0,46.5,182.0
CC110108002800,2015-05-01,11,216.08,360.0,555.5,58.5,94.0,46.5,182.0,285.0
CC110108002800,2015-06-01,12,203.58,555.5,58.5,94.0,46.5,182.0,285.0,479.0
CC110108002800,2015-07-01,1,190.83,58.5,94.0,46.5,182.0,285.0,479.0,32.0
CC110108002800,2015-08-01,2,186.42,94.0,46.5,182.0,285.0,479.0,32.0,848.0
CC110108002800,2015-09-01,3,312.08,46.5,182.0,285.0,479.0,32.0,848.0,325.0
CC110108002800,2015-10-01,4,358.5,182.0,285.0,479.0,32.0,848.0,325.0,227.5
CC110108002800,2015-11-01,5,366.08,285.0,479.0,32.0,848.0,325.0,227.5,8.0
CC110108002800,2015-12-01,6,319.92,479.0,32.0,848.0,325.0,227.5,8.0,157.5
CC110108002800,2016-01-01,7,266.33,32.0,848.0,325.0,227.5,8.0,157.5,420.5
CC110108002800,2016-02-01,8,331.08,848.0,325.0,227.5,8.0,157.5,420.5,966.0
CC110108002800,2016-03-01,9,350.75,325.0,227.5,8.0,157.5,420.5,966.0,545.0
CC110108002800,2016-04-01,10,387.42,227.5,8.0,157.5,420.5,966.0,545.0,1325.5
CC110108002800,2016-05-01,11,570.42,8.0,157.5,420.5,966.0,545.0,1325.5,70.0
CC110108002800,2016-06-01,12,580.75,157.5,420.5,966.0,545.0,1325.5,70.0,1354.5
CC110108002800,2016-07-01,1,780.25,420.5,966.0,545.0,1325.5,70.0,1354.5,320.0
CC110108002800,2016-08-01,2,763.5,966.0,545.0,1325.5,70.0,1354.5,320.0,1778.5
CC110108002800,2016-09-01,3,898.92,545.0,1325.5,70.0,1354.5,320.0,1778.5,0.0
CC110108002800,2016-10-01,4,808.08,1325.5,70.0,1354.5,320.0,1778.5,0.0,88.5
CC110108002800,2016-11-01,5,601.92,70.0,1354.5,320.0,1778.5,0.0,88.5,1100.5
CC110108002800,2016-12-01,6,773.67,1354.5,320.0,1778.5,0.0,88.5,1100.5,0.0
CC110108002800,2017-01-01,7,547.92,320.0,1778.5,0.0,88.5,1100.5,0.0,914.0
CC110108002800,2017-02-01,8,646.92,1778.5,0.0,88.5,1100.5,0.0,914.0,1227.0
CC110108002800,2017-03-01,9,555.0,0.0,88.5,1100.5,0.0,914.0,1227.0,0.0
CC110108002800,2017-04-01,10,555.0,88.5,1100.5,0.0,914.0,1227.0,0.0,839.5
CC110108002800,2017-05-01,11,680.17,1100.5,0.0,914.0,1227.0,0.0,839.5,32.0
CC110108002800,2017-06-01,12,502.08,0.0,914.0,1227.0,0.0,839.5,32.0,1136.0
CC110108002800,2017-07-01,1,691.42,914.0,1227.0,0.0,839.5,32.0,1136.0,421.0
CC110108002800,2017-08-01,2,609.25,1227.0,0.0,839.5,32.0,1136.0,421.0,0.0
CC110108002800,2017-09-01,3,404.75,0.0,839.5,32.0,1136.0,421.0,0.0,0.0
CC110108002800,2017-10-01,4,404.75,839.5,32.0,1136.0,421.0,0.0,0.0,0.0
CC110108002800,2017-11-01,5,264.83,32.0,1136.0,421.0,0.0,0.0,0.0,1445.4
CC110108002800,2017-12-01,6,500.4,1136.0,421.0,0.0,0.0,0.0,1445.4,27.0
CC110108002800,2018-01-01,7,315.57,421.0,0.0,0.0,0.0,1445.4,27.0,0.0
CC110108002800,2018-02-01,8,245.4,0.0,0.0,0.0,1445.4,27.0,0.0,0.0
CC110108002800,2018-03-01,9,245.4,0.0,0.0,1445.4,27.0,0.0,0.0,0.0
CC110108002800,2018-04-01,10,245.4,0.0,1445.4,27.0,0.0,0.0,0.0,56.0
CC110108002800,2018-05-01,11,254.73,1445.4,27.0,0.0,0.0,0.0,56.0,0.0
CC110108002800,2018-06-01,12,13.83,27.0,0.0,0.0,0.0,56.0,0.0,56.0
CC110108002800,2018-07-01,1,18.67,0.0,0.0,0.0,56.0,0.0,56.0,135.5
CC110108002800,2018-08-01,2,41.25,0.0,0.0,56.0,0.0,56.0,135.5,10.0
CC110108002800,2018-09-01,3,42.92,0.0,56.0,0.0,56.0,135.5,10.0,485.5
CC110108002800,2018-10-01,4,123.83,56.0,0.0,56.0,135.5,10.0,485.5,136.7
CC110108002800,2018-11-01,5,137.28,0.0,56.0,135.5,10.0,485.5,136.7,508.70000000000005
CC110108002800,2018-12-01,6,222.07,56.0,135.5,10.0,485.5,136.7,508.70000000000005,0.0
CC110108002800,2019-01-01,7,212.73,135.5,10.0,485.5,136.7,508.70000000000005,0.0,483.5
CC110108002800,2019-02-01,8,270.73,10.0,485.5,136.7,508.70000000000005,0.0,483.5,92.3
CC110108002800,2019-03-01,9,284.45,485.5,136.7,508.70000000000005,0.0,483.5,92.3,374.7
CC110108002800,2019-04-01,10,265.98,136.7,508.70000000000005,0.0,483.5,92.3,374.7,3.0
CC110108002800,2019-05-01,11,243.7,508.70000000000005,0.0,483.5,92.3,374.7,3.0,0.0
CC110108002800,2019-06-01,12,158.92,0.0,483.5,92.3,374.7,3.0,0.0,0.0
CC110108002800,2019-07-01,1,158.92,483.5,92.3,374.7,3.0,0.0,0.0,0.0
CC110108002800,2019-08-01,2,78.33,92.3,374.7,3.0,0.0,0.0,0.0,0.0
CC110108002800,2019-09-01,3,62.95,374.7,3.0,0.0,0.0,0.0,0.0,0.0
CC110108002800,2019-10-01,4,0.5,3.0,0.0,0.0,0.0,0.0,0.0,0.0
CC110108002800,2019-11-01,5,0.0,0.0,0.0,0.0,0.0,0.0,0.0,0.0
CC110108002800,2019-12-01,6,0.0,0.0,0.0,0.0,0.0,0.0,0.0,195.0
CC110108002800,2020-01-01,7,32.5,0.0,0.0,0.0,0.0,0.0,195.0,0.0
CC110108002800,2020-02-01,8,32.5,0.0,0.0,0.0,0.0,195.0,0.0,444.0
CC110108002800,2020-03-01,9,106.5,0.0,0.0,0.0,195.0,0.0,444.0,224.0
CC110108002800,2020-04-01,10,143.83,0.0,0.0,195.0,0.0,444.0,224.0,465.0
CC110108002800,2020-05-01,11,221.33,0.0,195.0,0.0,444.0,224.0,465.0,468.0
CC110108002800,2020-06-01,12,299.33,195.0,0.0,444.0,224.0,465.0,468.0,755.5
CC110108002800,2020-07-01,1,392.75,0.0,444.0,224.0,465.0,468.0,755.5,1599.5
CC110208003600,2013-05-01,11,85.25,438.0,0.0,55.0,0.0,18.5,0.0,214.5
CC110208003600,2013-06-01,12,48.0,0.0,55.0,0.0,18.5,0.0,214.5,248.0
CC110208003600,2013-07-01,1,89.33,55.0,0.0,18.5,0.0,214.5,248.0,0.0
CC110208003600,2013-08-01,2,80.17,0.0,18.5,0.0,214.5,248.0,0.0,0.0
CC110208003600,2013-09-01,3,80.17,18.5,0.0,214.5,248.0,0.0,0.0,0.0
CC110208003600,2013-10-01,4,77.08,0.0,214.5,248.0,0.0,0.0,0.0,477.0
CC110208003600,2013-11-01,5,156.58,214.5,248.0,0.0,0.0,0.0,477.0,137.0
CC110208003600,2013-12-01,6,143.67,248.0,0.0,0.0,0.0,477.0,137.0,278.5
CC110208003600,2014-01-01,7,148.75,0.0,0.0,0.0,477.0,137.0,278.5,83.0
CC110208003600,2014-02-01,8,162.58,0.0,0.0,477.0,137.0,278.5,83.0,183.5
CC110208003600,2014-03-01,9,193.17,0.0,477.0,137.0,278.5,83.0,183.5,37.0
CC110208003600,2014-04-01,10,199.33,477.0,137.0,278.5,83.0,183.5,37.0,71.0
CC110208003600,2014-05-01,11,131.67,137.0,278.5,83.0,183.5,37.0,71.0,67.0
CC110208003600,2014-06-01,12,120.0,278.5,83.0,183.5,37.0,71.0,67.0,37.679
CC110208003600,2014-07-01,1,79.86,83.0,183.5,37.0,71.0,67.0,37.679,55.205
CC110208003600,2014-08-01,2,75.23,183.5,37.0,71.0,67.0,37.679,55.205,92.116
CC110208003600,2014-09-01,3,60.0,37.0,71.0,67.0,37.679,55.205,92.116,135.0
CC110208003600,2014-10-01,4,76.33,71.0,67.0,37.679,55.205,92.116,135.0,50.0
CC110208003600,2014-11-01,5,72.83,67.0,37.679,55.205,92.116,135.0,50.0,353.0
CC110208003600,2014-12-01,6,120.5,37.679,55.205,92.116,135.0,50.0,353.0,175.0
CC110208003600,2015-01-01,7,143.39,55.205,92.116,135.0,50.0,353.0,175.0,327.99999999999994
CC110208003600,2015-02-01,8,188.85,92.116,135.0,50.0,353.0,175.0,327.99999999999994,63.0
CC110208003600,2015-03-01,9,184.0,135.0,50.0,353.0,175.0,327.99999999999994,63.0,108.0
CC110208003600,2015-04-01,10,179.5,50.0,353.0,175.0,327.99999999999994,63.0,108.0,106.5
CC110208003600,2015-05-01,11,188.92,353.0,175.0,327.99999999999994,63.0,108.0,106.5,31.5
CC110208003600,2015-06-01,12,135.33,175.0,327.99999999999994,63.0,108.0,106.5,31.5,179.5
CC110208003600,2015-07-01,1,136.08,327.99999999999994,63.0,108.0,106.5,31.5,179.5,244.5
CC110208003600,2015-08-01,2,122.17,63.0,108.0,106.5,31.5,179.5,244.5,191.5
CC110208003600,2015-09-01,3,143.58,108.0,106.5,31.5,179.5,244.5,191.5,153.5
CC110208003600,2015-10-01,4,151.17,106.5,31.5,179.5,244.5,191.5,153.5,109.0
CC110208003600,2015-11-01,5,151.58,31.5,179.5,244.5,191.5,153.5,109.0,295.0
CC110208003600,2015-12-01,6,195.5,179.5,244.5,191.5,153.5,109.0,295.0,80.0
CC110208003600,2016-01-01,7,178.92,244.5,191.5,153.5,109.0,295.0,80.0,1.5
CC110208003600,2016-02-01,8,138.42,191.5,153.5,109.0,295.0,80.0,1.5,263.26
CC110208003600,2016-03-01,9,150.38,153.5,109.0,295.0,80.0,1.5,263.26,317.74
CC110208003600,2016-04-01,10,177.75,109.0,295.0,80.0,1.5,263.26,317.74,0.0
CC110208003600,2016-05-01,11,159.58,295.0,80.0,1.5,263.26,317.74,0.0,731.583
CC110208003600,2016-06-01,12,232.35,80.0,1.5,263.26,317.74,0.0,731.583,526.0
CC110208003600,2016-07-01,1,306.68,1.5,263.26,317.74,0.0,731.583,526.0,0.0
CC110208003600,2016-08-01,2,306.43,263.26,317.74,0.0,731.583,526.0,0.0,276.0
CC110208003600,2016-09-01,3,308.55,317.74,0.0,731.583,526.0,0.0,276.0,10.0
CC110208003600,2016-10-01,4,257.26,0.0,731.583,526.0,0.0,276.0,10.0,600.741
CC110208003600,2016-11-01,5,357.39,731.583,526.0,0.0,276.0,10.0,600.741,202.5
CC110208003600,2016-12-01,6,269.21,526.0,0.0,276.0,10.0,600.741,202.5,10.0
CC110208003600,2017-01-01,7,183.21,0.0,276.0,10.0,600.741,202.5,10.0,602.136
CC110208003600,2017-02-01,8,283.56,276.0,10.0,600.741,202.5,10.0,602.136,20.0
CC110208003600,2017-03-01,9,240.9,10.0,600.741,202.5,10.0,602.136,20.0,661.0
CC110208003600,2017-04-01,10,349.4,600.741,202.5,10.0,602.136,20.0,661.0,67.53999999999999
CC110208003600,2017-05-01,11,260.53,202.5,10.0,602.136,20.0,661.0,67.53999999999999,558.5
CC110208003600,2017-06-01,12,319.86,10.0,602.136,20.0,661.0,67.53999999999999,558.5,277.5
CC110208003600,2017-07-01,1,364.45,602.136,20.0,661.0,67.53999999999999,558.5,277.5,0.0
CC110208003600,2017-08-01,2,264.09,20.0,661.0,67.53999999999999,558.5,277.5,0.0,0.0
CC110208003600,2017-09-01,3,260.76,661.0,67.53999999999999,558.5,277.5,0.0,0.0,268.5
CC110208003600,2017-10-01,4,195.34,67.53999999999999,558.5,277.5,0.0,0.0,268.5,0.0
CC110208003600,2017-11-01,5,184.08,558.5,277.5,0.0,0.0,268.5,0.0,0.0
CC110208003600,2017-12-01,6,91.0,277.5,0.0,0.0,268.5,0.0,0.0,0.0
CC110208003600,2018-01-01,7,44.75,0.0,0.0,268.5,0.0,0.0,0.0,133.0
CC110208003600,2018-02-01,8,66.92,0.0,268.5,0.0,0.0,0.0,133.0,114.46
CC110208003600,2018-03-01,9,85.99,268.5,0.0,0.0,0.0,133.0,114.46,970.74
CC110208003600,2018-04-01,10,203.03,0.0,0.0,0.0,133.0,114.46,970.74,24.4
CC110208003600,2018-05-01,11,207.1,0.0,0.0,133.0,114.46,970.74,24.4,0.0
CC110208003600,2018-06-01,12,207.1,0.0,133.0,114.46,970.74,24.4,0.0,0.0
CC110208003600,2018-07-01,1,207.1,133.0,114.46,970.74,24.4,0.0,0.0,0.0
CC110208003600,2018-08-01,2,184.93,114.46,970.74,24.4,0.0,0.0,0.0,0.0
CC110208003600,2018-09-01,3,165.86,970.74,24.4,0.0,0.0,0.0,0.0,160.2
CC110208003600,2018-10-01,4,30.77,24.4,0.0,0.0,0.0,0.0,160.2,0.0
CC110208003600,2018-11-01,5,26.7,0.0,0.0,0.0,0.0,160.2,0.0,52.7
CC110208003600,2018-12-01,6,35.48,0.0,0.0,0.0,160.2,0.0,52.7,33.8
CC110208003600,2019-01-01,7,41.12,0.0,0.0,160.2,0.0,52.7,33.8,147.4
CC110208003600,2019-02-01,8,65.68,0.0,160.2,0.0,52.7,33.8,147.4,91.80000000000001
CC110208003600,2019-03-01,9,80.98,160.2,0.0,52.7,33.8,147.4,91.80000000000001,215.401
CC110208003600,2019-04-01,10,90.18,0.0,52.7,33.8,147.4,91.80000000000001,215.401,744.316
CC110208003600,2019-05-01,11,214.24,52.7,33.8,147.4,91.80000000000001,215.401,744.316,33.083
CC110208003600,2019-06-01,12,210.97,33.8,147.4,91.80000000000001,215.401,744.316,33.083,514.5
CC110208003600,2019-07-01,1,291.08,147.4,91.80000000000001,215.401,744.316,33.083,514.5,0.0
CC110208003600,2019-08-01,2,266.52,91.80000000000001,215.401,744.316,33.083,514.5,0.0,0.0
CC110208003600,2019-09-01,3,251.22,215.401,744.316,33.083,514.5,0.0,0.0,312.807
CC110208003600,2019-10-01,4,267.45,744.316,33.083,514.5,0.0,0.0,312.807,157.793
CC110208003600,2019-11-01,5,169.7,33.083,514.5,0.0,0.0,312.807,157.793,457.5
CC110208003600,2019-12-01,6,240.43,514.5,0.0,0.0,312.807,157.793,457.5,220.5
CC110208003600,2020-01-01,7,191.43,0.0,0.0,312.807,157.793,457.5,220.5,118.0
CC110208003600,2020-02-01,8,211.1,0.0,312.807,157.793,457.5,220.5,118.0,227.0
CC110208003600,2020-03-01,9,248.93,312.807,157.793,457.5,220.5,118.0,227.0,137.5
CC110208003600,2020-04-01,10,219.72,157.793,457.5,220.5,118.0,227.0,137.5,39.5
CC110208003600,2020-05-01,11,200.0,457.5,220.5,118.0,227.0,137.5,39.5,73.5
CC110208003600,2020-06-01,12,136.0,220.5,118.0,227.0,137.5,39.5,73.5,0.0
CC110106001800,2013-05-01,11,565.72,1665.3,367.0,819.0,0.0,0.0,543.0,0.0
CC110106001800,2013-06-01,12,288.17,367.0,819.0,0.0,0.0,543.0,0.0,448.5
CC110106001800,2013-07-01,1,301.75,819.0,0.0,0.0,543.0,0.0,448.5,325.0
CC110106001800,2013-08-01,2,219.42,0.0,0.0,543.0,0.0,448.5,325.0,0.0
CC110106001800,2013-09-01,3,219.42,0.0,543.0,0.0,448.5,325.0,0.0,465.0
CC110106001800,2013-10-01,4,296.92,543.0,0.0,448.5,325.0,0.0,465.0,576.0
CC110106001800,2013-11-01,5,302.42,0.0,448.5,325.0,0.0,465.0,576.0,384.0
CC110106001800,2013-12-01,6,366.42,448.5,325.0,0.0,465.0,576.0,384.0,262.0
CC110106001800,2014-01-01,7,335.33,325.0,0.0,465.0,576.0,384.0,262.0,1060.5
CC110106001800,2014-02-01,8,457.92,0.0,465.0,576.0,384.0,262.0,1060.5,327.5
CC110106001800,2014-03-01,9,512.5,465.0,576.0,384.0,262.0,1060.5,327.5,6.0
CC110106001800,2014-04-01,10,436.0,576.0,384.0,262.0,1060.5,327.5,6.0,877.5
CC110106001800,2014-05-01,11,486.25,384.0,262.0,1060.5,327.5,6.0,877.5,1236.0
CC110106001800,2014-06-01,12,628.25,262.0,1060.5,327.5,6.0,877.5,1236.0,1.5
CC110106001800,2014-07-01,1,584.83,1060.5,327.5,6.0,877.5,1236.0,1.5,1.0
CC110106001800,2014-08-01,2,408.25,327.5,6.0,877.5,1236.0,1.5,1.0,648.5
CC110106001800,2014-09-01,3,461.75,6.0,877.5,1236.0,1.5,1.0,648.5,1.5
CC110106001800,2014-10-01,4,461.0,877.5,1236.0,1.5,1.0,648.5,1.5,545.0
CC110106001800,2014-11-01,5,405.58,1236.0,1.5,1.0,648.5,1.5,545.0,457.0
CC110106001800,2014-12-01,6,275.75,1.5,1.0,648.5,1.5,545.0,457.0,0.0
CC110106001800,2015-01-01,7,275.5,1.0,648.5,1.5,545.0,457.0,0.0,0.0
CC110106001800,2015-02-01,8,275.33,648.5,1.5,545.0,457.0,0.0,0.0,529.0
CC110106001800,2015-03-01,9,255.42,1.5,545.0,457.0,0.0,0.0,529.0,9.5
CC110106001800,2015-04-01,10,256.75,545.0,457.0,0.0,0.0,529.0,9.5,243.5
CC110106001800,2015-05-01,11,206.5,457.0,0.0,0.0,529.0,9.5,243.5,314.0
CC110106001800,2015-06-01,12,182.67,0.0,0.0,529.0,9.5,243.5,314.0,415.0
CC110106001800,2015-07-01,1,251.83,0.0,529.0,9.5,243.5,314.0,415.0,349.0
CC110106001800,2015-08-01,2,310.0,529.0,9.5,243.5,314.0,415.0,349.0,0.0
CC110106001800,2015-09-01,3,221.83,9.5,243.5,314.0,415.0,349.0,0.0,552.0
CC110106001800,2015-10-01,4,312.25,243.5,314.0,415.0,349.0,0.0,552.0,704.5
CC110106001800,2015-11-01,5,389.08,314.0,415.0,349.0,0.0,552.0,704.5,461.0
CC110106001800,2015-12-01,6,413.58,415.0,349.0,0.0,552.0,704.5,461.0,0.0
CC110106001800,2016-01-01,7,344.42,349.0,0.0,552.0,704.5,461.0,0.0,896.0
CC110106001800,2016-02-01,8,435.58,0.0,552.0,704.5,461.0,0.0,896.0,928.0
CC110106001800,2016-03-01,9,590.25,552.0,704.5,461.0,0.0,896.0,928.0,587.5
CC110106001800,2016-04-01,10,596.17,704.5,461.0,0.0,896.0,928.0,587.5,752.5
CC110106001800,2016-05-01,11,604.17,461.0,0.0,896.0,928.0,587.5,752.5,452.5
CC110106001800,2016-06-01,12,602.75,0.0,896.0,928.0,587.5,752.5,452.5,945.5
CC110106001800,2016-07-01,1,760.33,896.0,928.0,587.5,752.5,452.5,945.5,0.0
CC110106001800,2016-08-01,2,611.0,928.0,587.5,752.5,452.5,945.5,0.0,0.0
CC110106001800,2016-09-01,3,456.33,587.5,752.5,452.5,945.5,0.0,0.0,690.0
CC110106001800,2016-10-01,4,473.42,752.5,452.5,945.5,0.0,0.0,690.0,1091.0
CC110106001800,2016-11-01,5,529.83,452.5,945.5,0.0,0.0,690.0,1091.0,11.5
CC110106001800,2016-12-01,6,456.33,945.5,0.0,0.0,690.0,1091.0,11.5,22.0
CC110106001800,2017-01-01,7,302.42,0.0,0.0,690.0,1091.0,11.5,22.0,678.0
CC110106001800,2017-02-01,8,415.42,0.0,690.0,1091.0,11.5,22.0,678.0,808.0
CC110106001800,2017-03-01,9,550.08,690.0,1091.0,11.5,22.0,678.0,808.0,0.0
CC110106001800,2017-04-01,10,435.08,1091.0,11.5,22.0,678.0,808.0,0.0,551.0
CC110106001800,2017-05-01,11,345.08,11.5,22.0,678.0,808.0,0.0,551.0,982.5
CC110106001800,2017-06-01,12,506.92,22.0,678.0,808.0,0.0,551.0,982.5,46.0
CC110106001800,2017-07-01,1,510.92,678.0,808.0,0.0,551.0,982.5,46.0,1324.5
CC110106001800,2017-08-01,2,618.67,808.0,0.0,551.0,982.5,46.0,1324.5,236.0
CC110106001800,2017-09-01,3,523.33,0.0,551.0,982.5,46.0,1324.5,236.0,48.097
CC110106001800,2017-10-01,4,531.35,551.0,982.5,46.0,1324.5,236.0,48.097,826.0
CC110106001800,2017-11-01,5,577.18,982.5,46.0,1324.5,236.0,48.097,826.0,704.903
CC110106001800,2017-12-01,6,530.92,46.0,1324.5,236.0,48.097,826.0,704.903,0.0
CC110106001800,2018-01-01,7,523.25,1324.5,236.0,48.097,826.0,704.903,0.0,1190.0
CC110106001800,2018-02-01,8,500.83,236.0,48.097,826.0,704.903,0.0,1190.0,5.6
CC110106001800,2018-03-01,9,462.43,48.097,826.0,704.903,0.0,1190.0,5.6,0.0
CC110106001800,2018-04-01,10,454.42,826.0,704.903,0.0,1190.0,5.6,0.0,0.0
CC110106001800,2018-05-01,11,316.75,704.903,0.0,1190.0,5.6,0.0,0.0,0.0
CC110106001800,2018-06-01,12,199.27,0.0,1190.0,5.6,0.0,0.0,0.0,106.0
CC110106001800,2018-07-01,1,216.93,1190.0,5.6,0.0,0.0,0.0,106.0,1236.6799999999998
CC110106001800,2018-08-01,2,224.71,5.6,0.0,0.0,0.0,106.0,1236.6799999999998,0.0
CC110106001800,2018-09-01,3,223.78,0.0,0.0,0.0,106.0,1236.6799999999998,0.0,456.71999999999997
CC110106001800,2018-10-01,4,299.9,0.0,0.0,106.0,1236.6799999999998,0.0,456.71999999999997,13.0
CC110106001800,2018-11-01,5,302.07,0.0,106.0,1236.6799999999998,0.0,456.71999999999997,13.0,127.8
CC110106001800,2018-12-01,6,323.37,106.0,1236.6799999999998,0.0,456.71999999999997,13.0,127.8,486.20000000000005
CC110106001800,2019-01-01,7,386.73,1236.6799999999998,0.0,456.71999999999997,13.0,127.8,486.20000000000005,570.0
CC110106001800,2019-02-01,8,275.62,0.0,456.71999999999997,13.0,127.8,486.20000000000005,570.0,1431.5
CC110106001800,2019-03-01,9,514.2,456.71999999999997,13.0,127.8,486.20000000000005,570.0,1431.5,0.0
CC110106001800,2019-04-01,10,438.08,13.0,127.8,486.20000000000005,570.0,1431.5,0.0,575.5
CC110106001800,2019-05-01,11,531.83,127.8,486.20000000000005,570.0,1431.5,0.0,575.5,49.499999999999986
CC110106001800,2019-06-01,12,518.78,486.20000000000005,570.0,1431.5,0.0,575.5,49.499999999999986,425.5
CC110106001800,2019-07-01,1,508.67,570.0,1431.5,0.0,575.5,49.499999999999986,425.5,331.42199999999997
CC110106001800,2019-08-01,2,468.9,1431.5,0.0,575.5,49.499999999999986,425.5,331.42199999999997,0.0
CC110106001800,2019-09-01,3,230.32,0.0,575.5,49.499999999999986,425.5,331.42199999999997,0.0,139.4
CC110106001800,2019-10-01,4,253.55,575.5,49.499999999999986,425.5,331.42199999999997,0.0,139.4,2897.678
CC110106001800,2019-11-01,5,640.58,49.499999999999986,425.5,331.42199999999997,0.0,139.4,2897.678,2214.0
CC110106001800,2019-12-01,6,1001.33,425.5,331.42199999999997,0.0,139.4,2897.678,2214.0,112.5
CC110106001800,2020-01-01,7,949.17,331.42199999999997,0.0,139.4,2897.678,2214.0,112.5,0.0
CC110106001800,2020-02-01,8,893.93,0.0,139.4,2897.678,2214.0,112.5,0.0,8.5
CC110106001800,2020-03-01,9,895.35,139.4,2897.678,2214.0,112.5,0.0,8.5,0.0
CC110106001800,2020-04-01,10,872.11,2897.678,2214.0,112.5,0.0,8.5,0.0,536.5
CC110106001800,2020-05-01,11,478.58,2214.0,112.5,0.0,8.5,0.0,536.5,4.0
CC110108004700,2013-05-01,11,338.17,371.0,882.0,776.0,0.0,0.0,0.0,0.0
CC110108004700,2013-06-01,12,276.33,882.0,776.0,0.0,0.0,0.0,0.0,918.5
CC110108004700,2013-07-01,1,282.42,776.0,0.0,0.0,0.0,0.0,918.5,0.0
CC110108004700,2013-08-01,2,153.08,0.0,0.0,0.0,0.0,918.5,0.0,0.0
CC110108004700,2013-09-01,3,153.08,0.0,0.0,0.0,918.5,0.0,0.0,0.0
CC110108004700,2013-10-01,4,153.08,0.0,0.0,918.5,0.0,0.0,0.0,0.0
CC110108004700,2013-11-01,5,153.08,0.0,918.5,0.0,0.0,0.0,0.0,0.0
CC110108004700,2013-12-01,6,153.08,918.5,0.0,0.0,0.0,0.0,0.0,166.0
CC110108004700,2014-01-01,7,27.67,0.0,0.0,0.0,0.0,0.0,166.0,152.0
CC110108004700,2014-02-01,8,53.0,0.0,0.0,0.0,0.0,166.0,152.0,382.0
CC110108004700,2014-03-01,9,116.67,0.0,0.0,0.0,166.0,152.0,382.0,0.0
CC110108004700,2014-04-01,10,116.67,0.0,0.0,166.0,152.0,382.0,0.0,565.0
CC110108004700,2014-05-01,11,210.83,0.0,166.0,152.0,382.0,0.0,565.0,0.0
CC110108004700,2014-06-01,12,210.83,166.0,152.0,382.0,0.0,565.0,0.0,5.0
CC110108004700,2014-07-01,1,184.0,152.0,382.0,0.0,565.0,0.0,5.0,492.0
CC110108004700,2014-08-01,2,240.67,382.0,0.0,565.0,0.0,5.0,492.0,0.0
CC110108004700,2014-09-01,3,177.0,0.0,565.0,0.0,5.0,492.0,0.0,0.0
CC110108004700,2014-10-01,4,177.0,565.0,0.0,5.0,492.0,0.0,0.0,132.0
CC110108004700,2014-11-01,5,104.83,0.0,5.0,492.0,0.0,0.0,132.0,3.5
CC110108004700,2014-12-01,6,105.42,5.0,492.0,0.0,0.0,132.0,3.5,392.0
CC110108004700,2015-01-01,7,169.92,492.0,0.0,0.0,132.0,3.5,392.0,772.5
CC110108004700,2015-02-01,8,216.67,0.0,0.0,132.0,3.5,392.0,772.5,282.0
CC110108004700,2015-03-01,9,263.67,0.0,132.0,3.5,392.0,772.5,282.0,0.0
CC110108004700,2015-04-01,10,263.67,132.0,3.5,392.0,772.5,282.0,0.0,182.0
CC110108004700,2015-05-01,11,272.0,3.5,392.0,772.5,282.0,0.0,182.0,0.0
CC110108004700,2015-06-01,12,271.42,392.0,772.5,282.0,0.0,182.0,0.0,0.0
CC110108004700,2015-07-01,1,206.08,772.5,282.0,0.0,182.0,0.0,0.0,101.0
CC110108004700,2015-08-01,2,94.17,282.0,0.0,182.0,0.0,0.0,101.0,12.5
CC110108004700,2015-09-01,3,49.25,0.0,182.0,0.0,0.0,101.0,12.5,330.3
CC110108004700,2015-10-01,4,104.3,182.0,0.0,0.0,101.0,12.5,330.3,520.2
CC110108004700,2015-11-01,5,160.67,0.0,0.0,101.0,12.5,330.3,520.2,137.0
CC110108004700,2015-12-01,6,183.5,0.0,101.0,12.5,330.3,520.2,137.0,506.0
CC110108004700,2016-01-01,7,267.83,101.0,12.5,330.3,520.2,137.0,506.0,20.0
CC110108004700,2016-02-01,8,254.33,12.5,330.3,520.2,137.0,506.0,20.0,137.0
CC110108004700,2016-03-01,9,275.08,330.3,520.2,137.0,506.0,20.0,137.0,196.0
CC110108004700,2016-04-01,10,252.7,520.2,137.0,506.0,20.0,137.0,196.0,34.5
CC110108004700,2016-05-01,11,171.75,137.0,506.0,20.0,137.0,196.0,34.5,0.0
CC110108004700,2016-06-01,12,148.92,506.0,20.0,137.0,196.0,34.5,0.0,318.0
CC110108004700,2016-07-01,1,117.58,20.0,137.0,196.0,34.5,0.0,318.0,166.5
CC110108004700,2016-08-01,2,142.0,137.0,196.0,34.5,0.0,318.0,166.5,124.5
CC110108004700,2016-09-01,3,139.92,196.0,34.5,0.0,318.0,166.5,124.5,251.3
CC110108004700,2016-10-01,4,149.13,34.5,0.0,318.0,166.5,124.5,251.3,132.0
CC110108004700,2016-11-01,5,165.38,0.0,318.0,166.5,124.5,251.3,132.0,229.0
CC110108004700,2016-12-01,6,203.55,318.0,166.5,124.5,251.3,132.0,229.0,256.0
CC110108004700,2017-01-01,7,193.22,166.5,124.5,251.3,132.0,229.0,256.0,118.0
CC110108004700,2017-02-01,8,185.13,124.5,251.3,132.0,229.0,256.0,118.0,269.0
CC110108004700,2017-03-01,9,209.22,251.3,132.0,229.0,256.0,118.0,269.0,0.0
CC110108004700,2017-04-01,10,167.33,132.0,229.0,256.0,118.0,269.0,0.0,709.5
CC110108004700,2017-05-01,11,263.58,229.0,256.0,118.0,269.0,0.0,709.5,243.0
CC110108004700,2017-06-01,12,265.92,256.0,118.0,269.0,0.0,709.5,243.0,0.0
CC110108004700,2017-07-01,1,223.25,118.0,269.0,0.0,709.5,243.0,0.0,118.0
CC110108004700,2017-08-01,2,223.25,269.0,0.0,709.5,243.0,0.0,118.0,31.5
CC110108004700,2017-09-01,3,183.67,0.0,709.5,243.0,0.0,118.0,31.5,160.0
CC110108004700,2017-10-01,4,210.33,709.5,243.0,0.0,118.0,31.5,160.0,117.5
CC110108004700,2017-11-01,5,111.67,243.0,0.0,118.0,31.5,160.0,117.5,223.5
CC110108004700,2017-12-01,6,108.42,0.0,118.0,31.5,160.0,117.5,223.5,80.2
CC110108004700,2018-01-01,7,121.78,118.0,31.5,160.0,117.5,223.5,80.2,81.2
CC110108004700,2018-02-01,8,115.65,31.5,160.0,117.5,223.5,80.2,81.2,0.0
CC110108004700,2018-03-01,9,110.4,160.0,117.5,223.5,80.2,81.2,0.0,132.7
CC110108004700,2018-04-01,10,105.85,117.5,223.5,80.2,81.2,0.0,132.7,8.0
CC110108004700,2018-05-01,11,87.6,223.5,80.2,81.2,0.0,132.7,8.0,221.0
CC110108004700,2018-06-01,12,87.18,80.2,81.2,0.0,132.7,8.0,221.0,520.2
CC110108004700,2018-07-01,1,160.52,81.2,0.0,132.7,8.0,221.0,520.2,10.7
CC110108004700,2018-08-01,2,148.77,0.0,132.7,8.0,221.0,520.2,10.7,0.0
CC110108004700,2018-09-01,3,148.77,132.7,8.0,221.0,520.2,10.7,0.0,270.5
CC110108004700,2018-10-01,4,171.73,8.0,221.0,520.2,10.7,0.0,270.5,181.0
CC110108004700,2018-11-01,5,200.57,221.0,520.2,10.7,0.0,270.5,181.0,187.0
CC110108004700,2018-12-01,6,194.9,520.2,10.7,0.0,270.5,181.0,187.0,110.5
CC110108004700,2019-01-01,7,126.62,10.7,0.0,270.5,181.0,187.0,110.5,486.5
CC110108004700,2019-02-01,8,205.92,0.0,270.5,181.0,187.0,110.5,486.5,197.0
CC110108004700,2019-03-01,9,238.75,270.5,181.0,187.0,110.5,486.5,197.0,190.127
CC110108004700,2019-04-01,10,225.35,181.0,187.0,110.5,486.5,197.0,190.127,500.073
CC110108004700,2019-05-01,11,278.53,187.0,110.5,486.5,197.0,190.127,500.073,313.5
CC110108004700,2019-06-01,12,299.62,110.5,486.5,197.0,190.127,500.073,313.5,184.0
CC110108004700,2019-07-01,1,311.87,486.5,197.0,190.127,500.073,313.5,184.0,0.0
CC110108004700,2019-08-01,2,230.78,197.0,190.127,500.073,313.5,184.0,0.0,0.0
CC110108004700,2019-09-01,3,197.95,190.127,500.073,313.5,184.0,0.0,0.0,135.0
CC110108004700,2019-10-01,4,188.76,500.073,313.5,184.0,0.0,0.0,135.0,77.0
CC110108004700,2019-11-01,5,118.25,313.5,184.0,0.0,0.0,135.0,77.0,161.0
CC110108004700,2019-12-01,6,92.83,184.0,0.0,0.0,135.0,77.0,161.0,309.0
CC110108004700,2020-01-01,7,113.67,0.0,0.0,135.0,77.0,161.0,309.0,482.0
CC110108004700,2020-02-01,8,194.0,0.0,135.0,77.0,161.0,309.0,482.0,316.0
CC110108004700,2020-03-01,9,246.67,135.0,77.0,161.0,309.0,482.0,316.0,164.0
CC110108004700,2020-04-01,10,251.5,77.0,161.0,309.0,482.0,316.0,164.0,501.0
CC110108004700,2020-05-01,11,322.17,161.0,309.0,482.0,316.0,164.0,501.0,475.0
CC110108004700,2020-06-01,12,374.5,309.0,482.0,316.0,164.0,501.0,475.0,285.1
CC110108004700,2020-07-01,1,370.52,482.0,316.0,164.0,501.0,475.0,285.1,798.0
CC110106004900,2013-05-01,11,246.67,406.0,250.5,493.5,84.0,81.0,165.0,292.0
CC110106004900,2013-06-01,12,227.67,250.5,493.5,84.0,81.0,165.0,292.0,380.5
CC110106004900,2013-07-01,1,249.33,493.5,84.0,81.0,165.0,292.0,380.5,16.5
CC110106004900,2013-08-01,2,169.83,84.0,81.0,165.0,292.0,380.5,16.5,618.0
CC110106004900,2013-09-01,3,258.83,81.0,165.0,292.0,380.5,16.5,618.0,0.0
CC110106004900,2013-10-01,4,245.33,165.0,292.0,380.5,16.5,618.0,0.0,257.0
CC110106004900,2013-11-01,5,260.67,292.0,380.5,16.5,618.0,0.0,257.0,5.0
CC110106004900,2013-12-01,6,212.83,380.5,16.5,618.0,0.0,257.0,5.0,0.0
CC110106004900,2014-01-01,7,149.42,16.5,618.0,0.0,257.0,5.0,0.0,403.0
CC110106004900,2014-02-01,8,213.83,618.0,0.0,257.0,5.0,0.0,403.0,448.0
CC110106004900,2014-03-01,9,185.5,0.0,257.0,5.0,0.0,403.0,448.0,0.0
CC110106004900,2014-04-01,10,185.5,257.0,5.0,0.0,403.0,448.0,0.0,216.0
CC110106004900,2014-05-01,11,178.67,5.0,0.0,403.0,448.0,0.0,216.0,108.0
CC110106004900,2014-06-01,12,195.83,0.0,403.0,448.0,0.0,216.0,108.0,0.0
CC110106004900,2014-07-01,1,195.83,403.0,448.0,0.0,216.0,108.0,0.0,237.0
CC110106004900,2014-08-01,2,168.17,448.0,0.0,216.0,108.0,0.0,237.0,0.0
CC110106004900,2014-09-01,3,93.5,0.0,216.0,108.0,0.0,237.0,0.0,327.5
CC110106004900,2014-10-01,4,148.08,216.0,108.0,0.0,237.0,0.0,327.5,336.0
CC110106004900,2014-11-01,5,168.08,108.0,0.0,237.0,0.0,327.5,336.0,251.0
CC110106004900,2014-12-01,6,191.92,0.0,237.0,0.0,327.5,336.0,251.0,867.5
CC110106004900,2015-01-01,7,336.5,237.0,0.0,327.5,336.0,251.0,867.5,214.0
CC110106004900,2015-02-01,8,332.67,0.0,327.5,336.0,251.0,867.5,214.0,265.0
CC110106004900,2015-03-01,9,376.83,327.5,336.0,251.0,867.5,214.0,265.0,653.0
CC110106004900,2015-04-01,10,431.08,336.0,251.0,867.5,214.0,265.0,653.0,0.0
CC110106004900,2015-05-01,11,375.08,251.0,867.5,214.0,265.0,653.0,0.0,0.0
CC110106004900,2015-06-01,12,333.25,867.5,214.0,265.0,653.0,0.0,0.0,220.5
CC110106004900,2015-07-01,1,225.42,214.0,265.0,653.0,0.0,0.0,220.5,425.0
CC110106004900,2015-08-01,2,260.58,265.0,653.0,0.0,0.0,220.5,425.0,0.0
CC110106004900,2015-09-01,3,216.42,653.0,0.0,0.0,220.5,425.0,0.0,96.0
CC110106004900,2015-10-01,4,123.58,0.0,0.0,220.5,425.0,0.0,96.0,0.0
CC110106004900,2015-11-01,5,123.58,0.0,220.5,425.0,0.0,96.0,0.0,171.0
CC110106004900,2015-12-01,6,152.08,220.5,425.0,0.0,96.0,0.0,171.0,20.5
CC110106004900,2016-01-01,7,118.75,425.0,0.0,96.0,0.0,171.0,20.5,0.0
CC110106004900,2016-02-01,8,47.92,0.0,96.0,0.0,171.0,20.5,0.0,963.0
CC110106004900,2016-03-01,9,208.42,96.0,0.0,171.0,20.5,0.0,963.0,24.5
CC110106004900,2016-04-01,10,196.5,0.0,171.0,20.5,0.0,963.0,24.5,0.0
CC110106004900,2016-05-01,11,196.5,171.0,20.5,0.0,963.0,24.5,0.0,213.068
CC110106004900,2016-06-01,12,203.51,20.5,0.0,963.0,24.5,0.0,213.068,152.67100000000002
CC110106004900,2016-07-01,1,225.54,0.0,963.0,24.5,0.0,213.068,152.67100000000002,835.318
CC110106004900,2016-08-01,2,364.76,963.0,24.5,0.0,213.068,152.67100000000002,835.318,0.0
CC110106004900,2016-09-01,3,204.26,24.5,0.0,213.068,152.67100000000002,835.318,0.0,405.447
CC110106004900,2016-10-01,4,267.75,0.0,213.068,152.67100000000002,835.318,0.0,405.447,414.42299999999994
CC110106004900,2016-11-01,5,336.82,213.068,152.67100000000002,835.318,0.0,405.447,414.42299999999994,106.96700000000001
CC110106004900,2016-12-01,6,319.14,152.67100000000002,835.318,0.0,405.447,414.42299999999994,106.96700000000001,416.49600000000004
CC110106004900,2017-01-01,7,363.11,835.318,0.0,405.447,414.42299999999994,106.96700000000001,416.49600000000004,811.1789999999999
CC110106004900,2017-02-01,8,359.09,0.0,405.447,414.42299999999994,106.96700000000001,416.49600000000004,811.1789999999999,125.15700000000001
CC110106004900,2017-03-01,9,379.94,405.447,414.42299999999994,106.96700000000001,416.49600000000004,811.1789999999999,125.15700000000001,788.274
CC110106004900,2017-04-01,10,443.75,414.42299999999994,106.96700000000001,416.49600000000004,811.1789999999999,125.15700000000001,788.274,758.3879999999999
CC110106004900,2017-05-01,11,501.08,106.96700000000001,416.49600000000004,811.1789999999999,125.15700000000001,788.274,758.3879999999999,965.112
CC110106004900,2017-06-01,12,644.1,416.49600000000004,811.1789999999999,125.15700000000001,788.274,758.3879999999999,965.112,180.015
CC110106004900,2017-07-01,1,604.69,811.1789999999999,125.15700000000001,788.274,758.3879999999999,965.112,180.015,354.32
CC110106004900,2017-08-01,2,528.54,125.15700000000001,788.274,758.3879999999999,965.112,180.015,354.32,0.0
CC110106004900,2017-09-01,3,507.68,788.274,758.3879999999999,965.112,180.015,354.32,0.0,1123.495
CC110106004900,2017-10-01,4,563.55,758.3879999999999,965.112,180.015,354.32,0.0,1123.495,398.67
CC110106004900,2017-11-01,5,503.6,965.112,180.015,354.32,0.0,1123.495,398.67,3379.176
CC110106004900,2017-12-01,6,905.95,180.015,354.32,0.0,1123.495,398.67,3379.176,1743.632
CC110106004900,2018-01-01,7,1166.55,354.32,0.0,1123.495,398.67,3379.176,1743.632,1497.692
CC110106004900,2018-02-01,8,1357.11,0.0,1123.495,398.67,3379.176,1743.632,1497.692,0.0
CC110106004900,2018-03-01,9,1357.11,1123.495,398.67,3379.176,1743.632,1497.692,0.0,0.0
CC110106004900,2018-04-01,10,1169.86,398.67,3379.176,1743.632,1497.692,0.0,0.0,0.0
CC110106004900,2018-05-01,11,1103.42,3379.176,1743.632,1497.692,0.0,0.0,0.0,175.0
CC110106004900,2018-06-01,12,569.39,1743.632,1497.692,0.0,0.0,0.0,175.0,55.0
CC110106004900,2018-07-01,1,287.95,1497.692,0.0,0.0,0.0,175.0,55.0,0.0
CC110106004900,2018-08-01,2,38.33,0.0,0.0,0.0,175.0,55.0,0.0,0.0
CC110106004900,2018-09-01,3,38.33,0.0,0.0,175.0,55.0,0.0,0.0,10.0
CC110106004900,2018-10-01,4,40.0,0.0,175.0,55.0,0.0,0.0,10.0,7.2
CC110106004900,2018-11-01,5,41.2,175.0,55.0,0.0,0.0,10.0,7.2,6.0
CC110106004900,2018-12-01,6,13.03,55.0,0.0,0.0,10.0,7.2,6.0,627.0
CC110106004900,2019-01-01,7,108.37,0.0,0.0,10.0,7.2,6.0,627.0,0.0
CC110106004900,2019-02-01,8,108.37,0.0,10.0,7.2,6.0,627.0,0.0,2.8
CC110106004900,2019-03-01,9,108.83,10.0,7.2,6.0,627.0,0.0,2.8,8.0
CC110106004900,2019-04-01,10,108.5,7.2,6.0,627.0,0.0,2.8,8.0,513.0
CC110106004900,2019-05-01,11,192.8,6.0,627.0,0.0,2.8,8.0,513.0,1070.5
CC110106004900,2019-06-01,12,370.22,627.0,0.0,2.8,8.0,513.0,1070.5,0.0
CC110106004900,2019-07-01,1,265.72,0.0,2.8,8.0,513.0,1070.5,0.0,0.0
CC110106004900,2019-08-01,2,265.72,2.8,8.0,513.0,1070.5,0.0,0.0,0.0
CC110106004900,2019-09-01,3,265.25,8.0,513.0,1070.5,0.0,0.0,0.0,984.0
CC110106004900,2019-10-01,4,427.92,513.0,1070.5,0.0,0.0,0.0,984.0,504.0
CC110106004900,2019-11-01,5,426.42,1070.5,0.0,0.0,0.0,984.0,504.0,504.0
CC110106004900,2019-12-01,6,332.0,0.0,0.0,0.0,984.0,504.0,504.0,732.0
CC110106004900,2020-01-01,7,454.0,0.0,0.0,984.0,504.0,504.0,732.0,0.0
CC110106004900,2020-02-01,8,454.0,0.0,984.0,504.0,504.0,732.0,0.0,531.5
CC110106004900,2020-03-01,9,542.58,984.0,504.0,504.0,732.0,0.0,531.5,372.0
CC110106004900,2020-04-01,10,440.58,504.0,504.0,732.0,0.0,531.5,372.0,430.0
CC110106004900,2020-05-01,11,428.25,504.0,732.0,0.0,531.5,372.0,430.0,532.0
CC110106004900,2020-06-01,12,432.92,732.0,0.0,531.5,372.0,430.0,532.0,0.0
CC110106004900,2020-07-01,1,310.92,0.0,531.5,372.0,430.0,532.0,0.0,1472.0
